t0,dt,pitch,dyn,quantization,filename
6,2,24,0.38300000000000001,4,Brahms_Symph3_iii(1-53)_ORCH+REDUC+sketch+piano.xml
12,2,17,0.38300000000000001,4,Brahms_Symph3_iii(1-53)_ORCH+REDUC+sketch+piano.xml
18,2,24,0.38300000000000001,4,Brahms_Symph3_iii(1-53)_ORCH+REDUC+sketch+piano.xml
24,2,17,0.38300000000000001,4,Brahms_Symph3_iii(1-53)_ORCH+REDUC+sketch+piano.xml
30,2,23,0.38300000000000001,4,Brahms_Symph3_iii(1-53)_ORCH+REDUC+sketch+piano.xml
36,2,24,0.38300000000000001,4,Brahms_Symph3_iii(1-53)_ORCH+REDUC+sketch+piano.xml
42,2,32,0.38300000000000001,4,Brahms_Symph3_iii(1-53)_ORCH+REDUC+sketch+piano.xml
48,2,31,0.38300000000000001,4,Brahms_Symph3_iii(1-53)_ORCH+REDUC+sketch+piano.xml
50,1,36,0.38300000000000001,4,Brahms_Symph3_iii(1-53)_ORCH+REDUC+sketch+piano.xml
51,1,36,0.48299999999999998,4,Brahms_Symph3_iii(1-53)_ORCH+REDUC+sketch+piano.xml
52,1,34,0.58299999999999996,4,Brahms_Symph3_iii(1-53)_ORCH+REDUC+sketch+piano.xml
53,1,34,0.68300000000000005,4,Brahms_Symph3_iii(1-53)_ORCH+REDUC+sketch+piano.xml
54,1,32,0.78300000000000003,4,Brahms_Symph3_iii(1-53)_ORCH+REDUC+sketch+piano.xml
55,1,32,0.88300000000000001,4,Brahms_Symph3_iii(1-53)_ORCH+REDUC+sketch+piano.xml
56,2,29,0.48299999999999998,4,Brahms_Symph3_iii(1-53)_ORCH+REDUC+sketch+piano.xml
58,2,32,0.48299999999999998,4,Brahms_Symph3_iii(1-53)_ORCH+REDUC+sketch+piano.xml
60,2,34,0.48299999999999998,4,Brahms_Symph3_iii(1-53)_ORCH+REDUC+sketch+piano.xml
62,2,27,0.48299999999999998,4,Brahms_Symph3_iii(1-53)_ORCH+REDUC+sketch+piano.xml
64,2,29,0.48299999999999998,4,Brahms_Symph3_iii(1-53)_ORCH+REDUC+sketch+piano.xml
66,2,32,0.48299999999999998,4,Brahms_Symph3_iii(1-53)_ORCH+REDUC+sketch+piano.xml
68,2,31,0.48299999999999998,4,Brahms_Symph3_iii(1-53)_ORCH+REDUC+sketch+piano.xml
70,2,30,0.48299999999999998,4,Brahms_Symph3_iii(1-53)_ORCH+REDUC+sketch+piano.xml
72,1,29,0.48299999999999998,4,Brahms_Symph3_iii(1-53)_ORCH+REDUC+sketch+piano.xml
73,1,29,0.58299999999999996,4,Brahms_Symph3_iii(1-53)_ORCH+REDUC+sketch+piano.xml
74,1,27,0.58299999999999996,4,Brahms_Symph3_iii(1-53)_ORCH+REDUC+sketch+piano.xml
75,1,27,0.41633333333333333,4,Brahms_Symph3_iii(1-53)_ORCH+REDUC+sketch+piano.xml
77,1,26,0.082999999999999963,4,Brahms_Symph3_iii(1-53)_ORCH+REDUC+sketch+piano.xml
78,2,24,0.48299999999999998,4,Brahms_Symph3_iii(1-53)_ORCH+REDUC+sketch+piano.xml
