t0,dt,pitch,dyn,quantization,filename
6,6,51,0.38300000000000001,4,Brahms_Symph3_iii(1-53)_ORCH+REDUC+sketch+piano.xml
6,6,55,0.38300000000000001,4,Brahms_Symph3_iii(1-53)_ORCH+REDUC+sketch+piano.xml
12,2,50,0.38300000000000001,4,Brahms_Symph3_iii(1-53)_ORCH+REDUC+sketch+piano.xml
12,2,56,0.38300000000000001,4,Brahms_Symph3_iii(1-53)_ORCH+REDUC+sketch+piano.xml
18,6,55,0.38300000000000001,4,Brahms_Symph3_iii(1-53)_ORCH+REDUC+sketch+piano.xml
18,6,63,0.38300000000000001,4,Brahms_Symph3_iii(1-53)_ORCH+REDUC+sketch+piano.xml
24,2,56,0.38300000000000001,4,Brahms_Symph3_iii(1-53)_ORCH+REDUC+sketch+piano.xml
24,2,62,0.38300000000000001,4,Brahms_Symph3_iii(1-53)_ORCH+REDUC+sketch+piano.xml
30,2,53,0.38300000000000001,4,Brahms_Symph3_iii(1-53)_ORCH+REDUC+sketch+piano.xml
30,2,56,0.38300000000000001,4,Brahms_Symph3_iii(1-53)_ORCH+REDUC+sketch+piano.xml
32,2,62,0.38300000000000001,4,Brahms_Symph3_iii(1-53)_ORCH+REDUC+sketch+piano.xml
32,2,65,0.38300000000000001,4,Brahms_Symph3_iii(1-53)_ORCH+REDUC+sketch+piano.xml
36,2,51,0.38300000000000001,4,Brahms_Symph3_iii(1-53)_ORCH+REDUC+sketch+piano.xml
36,2,55,0.38300000000000001,4,Brahms_Symph3_iii(1-53)_ORCH+REDUC+sketch+piano.xml
38,2,60,0.38300000000000001,4,Brahms_Symph3_iii(1-53)_ORCH+REDUC+sketch+piano.xml
38,2,63,0.38300000000000001,4,Brahms_Symph3_iii(1-53)_ORCH+REDUC+sketch+piano.xml
42,4,48,0.38300000000000001,4,Brahms_Symph3_iii(1-53)_ORCH+REDUC+sketch+piano.xml
42,4,53,0.38300000000000001,4,Brahms_Symph3_iii(1-53)_ORCH+REDUC+sketch+piano.xml
46,2,54,0.38300000000000001,4,Brahms_Symph3_iii(1-53)_ORCH+REDUC+sketch+piano.xml
46,2,60,0.38300000000000001,4,Brahms_Symph3_iii(1-53)_ORCH+REDUC+sketch+piano.xml
48,4,55,0.38300000000000001,4,Brahms_Symph3_iii(1-53)_ORCH+REDUC+sketch+piano.xml
48,2,59,0.38300000000000001,4,Brahms_Symph3_iii(1-53)_ORCH+REDUC+sketch+piano.xml
56,2,58,0.38300000000000001,4,Brahms_Symph3_iii(1-53)_ORCH+REDUC+sketch+piano.xml
56,2,62,0.38300000000000001,4,Brahms_Symph3_iii(1-53)_ORCH+REDUC+sketch+piano.xml
58,2,53,0.38300000000000001,4,Brahms_Symph3_iii(1-53)_ORCH+REDUC+sketch+piano.xml
58,2,60,0.38300000000000001,4,Brahms_Symph3_iii(1-53)_ORCH+REDUC+sketch+piano.xml
62,2,55,0.38300000000000001,4,Brahms_Symph3_iii(1-53)_ORCH+REDUC+sketch+piano.xml
62,2,58,0.38300000000000001,4,Brahms_Symph3_iii(1-53)_ORCH+REDUC+sketch+piano.xml
64,2,50,0.38300000000000001,4,Brahms_Symph3_iii(1-53)_ORCH+REDUC+sketch+piano.xml
64,2,56,0.38300000000000001,4,Brahms_Symph3_iii(1-53)_ORCH+REDUC+sketch+piano.xml
70,2,57,0.38300000000000001,4,Brahms_Symph3_iii(1-53)_ORCH+REDUC+sketch+piano.xml
70,2,60,0.38300000000000001,4,Brahms_Symph3_iii(1-53)_ORCH+REDUC+sketch+piano.xml
72,1,55,0.38300000000000001,4,Brahms_Symph3_iii(1-53)_ORCH+REDUC+sketch+piano.xml
72,1,59,0.38300000000000001,4,Brahms_Symph3_iii(1-53)_ORCH+REDUC+sketch+piano.xml
73,1,55,0.48299999999999998,4,Brahms_Symph3_iii(1-53)_ORCH+REDUC+sketch+piano.xml
73,1,59,0.48299999999999998,4,Brahms_Symph3_iii(1-53)_ORCH+REDUC+sketch+piano.xml
74,1,57,0.48299999999999998,4,Brahms_Symph3_iii(1-53)_ORCH+REDUC+sketch+piano.xml
74,1,60,0.48299999999999998,4,Brahms_Symph3_iii(1-53)_ORCH+REDUC+sketch+piano.xml
75,1,57,0.32199999999999995,4,Brahms_Symph3_iii(1-53)_ORCH+REDUC+sketch+piano.xml
75,1,60,0.32199999999999995,4,Brahms_Symph3_iii(1-53)_ORCH+REDUC+sketch+piano.xml
76,1,57,0.16099999999999998,4,Brahms_Symph3_iii(1-53)_ORCH+REDUC+sketch+piano.xml
76,1,60,0.16099999999999998,4,Brahms_Symph3_iii(1-53)_ORCH+REDUC+sketch+piano.xml
78,4,60,0.38300000000000001,4,Brahms_Symph3_iii(1-53)_ORCH+REDUC+sketch+piano.xml
78,4,63,0.38300000000000001,4,Brahms_Symph3_iii(1-53)_ORCH+REDUC+sketch+piano.xml
