t0,dt,pitch,dyn,quantization,filename
4,1,48,0.38300000000000001,4,Brahms_Symph3_iii(1-53)_ORCH+REDUC+sketch+piano.xml
5,1,50,0.38300000000000001,4,Brahms_Symph3_iii(1-53)_ORCH+REDUC+sketch+piano.xml
6,6,51,0.38300000000000001,4,Brahms_Symph3_iii(1-53)_ORCH+REDUC+sketch+piano.xml
12,1,55,0.38300000000000001,4,Brahms_Symph3_iii(1-53)_ORCH+REDUC+sketch+piano.xml
14,2,50,0.28300000000000003,4,Brahms_Symph3_iii(1-53)_ORCH+REDUC+sketch+piano.xml
16,1,48,0.28300000000000003,4,Brahms_Symph3_iii(1-53)_ORCH+REDUC+sketch+piano.xml
17,1,50,0.28300000000000003,4,Brahms_Symph3_iii(1-53)_ORCH+REDUC+sketch+piano.xml
18,6,51,0.28300000000000003,4,Brahms_Symph3_iii(1-53)_ORCH+REDUC+sketch+piano.xml
24,1,58,0.28300000000000003,4,Brahms_Symph3_iii(1-53)_ORCH+REDUC+sketch+piano.xml
26,3,50,0.18300000000000002,4,Brahms_Symph3_iii(1-53)_ORCH+REDUC+sketch+piano.xml
29,1,51,0.18300000000000002,4,Brahms_Symph3_iii(1-53)_ORCH+REDUC+sketch+piano.xml
30,4,53,0.18300000000000002,4,Brahms_Symph3_iii(1-53)_ORCH+REDUC+sketch+piano.xml
34,1,56,0.18300000000000002,4,Brahms_Symph3_iii(1-53)_ORCH+REDUC+sketch+piano.xml
35,1,55,0.18300000000000002,4,Brahms_Symph3_iii(1-53)_ORCH+REDUC+sketch+piano.xml
36,4,51,0.18300000000000002,4,Brahms_Symph3_iii(1-53)_ORCH+REDUC+sketch+piano.xml
40,1,55,0.18300000000000002,4,Brahms_Symph3_iii(1-53)_ORCH+REDUC+sketch+piano.xml
41,1,53,0.18300000000000002,4,Brahms_Symph3_iii(1-53)_ORCH+REDUC+sketch+piano.xml
42,4,48,0.18300000000000002,4,Brahms_Symph3_iii(1-53)_ORCH+REDUC+sketch+piano.xml
46,1,47,0.18300000000000002,4,Brahms_Symph3_iii(1-53)_ORCH+REDUC+sketch+piano.xml
47,1,48,0.18300000000000002,4,Brahms_Symph3_iii(1-53)_ORCH+REDUC+sketch+piano.xml
48,2,50,0.18300000000000002,4,Brahms_Symph3_iii(1-53)_ORCH+REDUC+sketch+piano.xml
50,1,51,0.18300000000000002,4,Brahms_Symph3_iii(1-53)_ORCH+REDUC+sketch+piano.xml
51,1,51,0.28300000000000003,4,Brahms_Symph3_iii(1-53)_ORCH+REDUC+sketch+piano.xml
52,1,52,0.38300000000000001,4,Brahms_Symph3_iii(1-53)_ORCH+REDUC+sketch+piano.xml
53,1,52,0.4830000000000001,4,Brahms_Symph3_iii(1-53)_ORCH+REDUC+sketch+piano.xml
54,1,53,0.58300000000000007,4,Brahms_Symph3_iii(1-53)_ORCH+REDUC+sketch+piano.xml
55,1,53,0.68300000000000005,4,Brahms_Symph3_iii(1-53)_ORCH+REDUC+sketch+piano.xml
56,3,58,0.28300000000000003,4,Brahms_Symph3_iii(1-53)_ORCH+REDUC+sketch+piano.xml
59,1,56,0.28300000000000003,4,Brahms_Symph3_iii(1-53)_ORCH+REDUC+sketch+piano.xml
60,1,50,0.28300000000000003,4,Brahms_Symph3_iii(1-53)_ORCH+REDUC+sketch+piano.xml
61,1,50,0.21225000000000002,4,Brahms_Symph3_iii(1-53)_ORCH+REDUC+sketch+piano.xml
62,1,55,0.14150000000000001,4,Brahms_Symph3_iii(1-53)_ORCH+REDUC+sketch+piano.xml
63,1,55,0.070750000000000007,4,Brahms_Symph3_iii(1-53)_ORCH+REDUC+sketch+piano.xml
65,1,53,0.18300000000000002,4,Brahms_Symph3_iii(1-53)_ORCH+REDUC+sketch+piano.xml
66,1,48,0.18300000000000002,4,Brahms_Symph3_iii(1-53)_ORCH+REDUC+sketch+piano.xml
67,1,48,0.34966666666666668,4,Brahms_Symph3_iii(1-53)_ORCH+REDUC+sketch+piano.xml
68,1,51,0.51633333333333331,4,Brahms_Symph3_iii(1-53)_ORCH+REDUC+sketch+piano.xml
69,1,51,0.68300000000000005,4,Brahms_Symph3_iii(1-53)_ORCH+REDUC+sketch+piano.xml
70,2,50,0.28300000000000003,4,Brahms_Symph3_iii(1-53)_ORCH+REDUC+sketch+piano.xml
72,1,55,0.28300000000000003,4,Brahms_Symph3_iii(1-53)_ORCH+REDUC+sketch+piano.xml
73,1,55,0.22640000000000002,4,Brahms_Symph3_iii(1-53)_ORCH+REDUC+sketch+piano.xml
74,1,55,0.16980000000000001,4,Brahms_Symph3_iii(1-53)_ORCH+REDUC+sketch+piano.xml
75,1,55,0.11320000000000002,4,Brahms_Symph3_iii(1-53)_ORCH+REDUC+sketch+piano.xml
76,1,55,0.056600000000000011,4,Brahms_Symph3_iii(1-53)_ORCH+REDUC+sketch+piano.xml
78,2,55,0.18300000000000002,4,Brahms_Symph3_iii(1-53)_ORCH+REDUC+sketch+piano.xml
79,1,53,0.18300000000000002,4,Brahms_Symph3_iii(1-53)_ORCH+REDUC+sketch+piano.xml
80,1,51,0.18300000000000002,4,Brahms_Symph3_iii(1-53)_ORCH+REDUC+sketch+piano.xml
81,1,50,0.18300000000000002,4,Brahms_Symph3_iii(1-53)_ORCH+REDUC+sketch+piano.xml
82,1,48,0.18300000000000002,4,Brahms_Symph3_iii(1-53)_ORCH+REDUC+sketch+piano.xml
83,1,46,0.18300000000000002,4,Brahms_Symph3_iii(1-53)_ORCH+REDUC+sketch+piano.xml
