t0,dt,pitch,dyn,quantization,filename
8,1,51,0.25800000000000001,4,Brahms_Symph3_iii(1-53)_ORCH+REDUC+sketch+piano.xml
9,1,55,0.25800000000000001,4,Brahms_Symph3_iii(1-53)_ORCH+REDUC+sketch+piano.xml
10,2,48,0.25800000000000001,4,Brahms_Symph3_iii(1-53)_ORCH+REDUC+sketch+piano.xml
12,1,56,0.25800000000000001,4,Brahms_Symph3_iii(1-53)_ORCH+REDUC+sketch+piano.xml
13,1,60,0.25800000000000001,4,Brahms_Symph3_iii(1-53)_ORCH+REDUC+sketch+piano.xml
14,2,53,0.25800000000000001,4,Brahms_Symph3_iii(1-53)_ORCH+REDUC+sketch+piano.xml
20,1,51,0.25800000000000001,4,Brahms_Symph3_iii(1-53)_ORCH+REDUC+sketch+piano.xml
21,1,55,0.25800000000000001,4,Brahms_Symph3_iii(1-53)_ORCH+REDUC+sketch+piano.xml
22,2,48,0.25800000000000001,4,Brahms_Symph3_iii(1-53)_ORCH+REDUC+sketch+piano.xml
24,1,60,0.25800000000000001,4,Brahms_Symph3_iii(1-53)_ORCH+REDUC+sketch+piano.xml
25,1,62,0.25800000000000001,4,Brahms_Symph3_iii(1-53)_ORCH+REDUC+sketch+piano.xml
26,2,53,0.25800000000000001,4,Brahms_Symph3_iii(1-53)_ORCH+REDUC+sketch+piano.xml
32,1,53,0.25800000000000001,4,Brahms_Symph3_iii(1-53)_ORCH+REDUC+sketch+piano.xml
33,1,56,0.25800000000000001,4,Brahms_Symph3_iii(1-53)_ORCH+REDUC+sketch+piano.xml
34,2,62,0.25800000000000001,4,Brahms_Symph3_iii(1-53)_ORCH+REDUC+sketch+piano.xml
38,1,51,0.25800000000000001,4,Brahms_Symph3_iii(1-53)_ORCH+REDUC+sketch+piano.xml
39,1,55,0.25800000000000001,4,Brahms_Symph3_iii(1-53)_ORCH+REDUC+sketch+piano.xml
40,2,60,0.25800000000000001,4,Brahms_Symph3_iii(1-53)_ORCH+REDUC+sketch+piano.xml
44,1,48,0.25800000000000001,4,Brahms_Symph3_iii(1-53)_ORCH+REDUC+sketch+piano.xml
45,1,53,0.25800000000000001,4,Brahms_Symph3_iii(1-53)_ORCH+REDUC+sketch+piano.xml
46,2,60,0.25800000000000001,4,Brahms_Symph3_iii(1-53)_ORCH+REDUC+sketch+piano.xml
48,2,59,0.25800000000000001,4,Brahms_Symph3_iii(1-53)_ORCH+REDUC+sketch+piano.xml
50,1,55,0.25800000000000001,4,Brahms_Symph3_iii(1-53)_ORCH+REDUC+sketch+piano.xml
51,1,60,0.35799999999999998,4,Brahms_Symph3_iii(1-53)_ORCH+REDUC+sketch+piano.xml
52,1,52,0.45800000000000002,4,Brahms_Symph3_iii(1-53)_ORCH+REDUC+sketch+piano.xml
53,1,52,0.55800000000000005,4,Brahms_Symph3_iii(1-53)_ORCH+REDUC+sketch+piano.xml
54,1,53,0.65800000000000003,4,Brahms_Symph3_iii(1-53)_ORCH+REDUC+sketch+piano.xml
55,1,65,0.75800000000000001,4,Brahms_Symph3_iii(1-53)_ORCH+REDUC+sketch+piano.xml
56,2,62,0.35799999999999998,4,Brahms_Symph3_iii(1-53)_ORCH+REDUC+sketch+piano.xml
58,1,53,0.35799999999999998,4,Brahms_Symph3_iii(1-53)_ORCH+REDUC+sketch+piano.xml
59,1,65,0.35799999999999998,4,Brahms_Symph3_iii(1-53)_ORCH+REDUC+sketch+piano.xml
60,1,62,0.35799999999999998,4,Brahms_Symph3_iii(1-53)_ORCH+REDUC+sketch+piano.xml
61,1,62,0.23866666666666664,4,Brahms_Symph3_iii(1-53)_ORCH+REDUC+sketch+piano.xml
62,1,50,0.11933333333333332,4,Brahms_Symph3_iii(1-53)_ORCH+REDUC+sketch+piano.xml
64,2,56,0.25800000000000001,4,Brahms_Symph3_iii(1-53)_ORCH+REDUC+sketch+piano.xml
66,1,48,0.25800000000000001,4,Brahms_Symph3_iii(1-53)_ORCH+REDUC+sketch+piano.xml
67,1,51,0.25800000000000001,4,Brahms_Symph3_iii(1-53)_ORCH+REDUC+sketch+piano.xml
68,1,48,0.25800000000000001,4,Brahms_Symph3_iii(1-53)_ORCH+REDUC+sketch+piano.xml
69,1,51,0.25800000000000001,4,Brahms_Symph3_iii(1-53)_ORCH+REDUC+sketch+piano.xml
70,1,48,0.25800000000000001,4,Brahms_Symph3_iii(1-53)_ORCH+REDUC+sketch+piano.xml
71,1,50,0.25800000000000001,4,Brahms_Symph3_iii(1-53)_ORCH+REDUC+sketch+piano.xml
72,1,47,0.5,4,Brahms_Symph3_iii(1-53)_ORCH+REDUC+sketch+piano.xml
73,1,47,0.59999999999999998,4,Brahms_Symph3_iii(1-53)_ORCH+REDUC+sketch+piano.xml
74,1,48,0.59999999999999998,4,Brahms_Symph3_iii(1-53)_ORCH+REDUC+sketch+piano.xml
75,1,48,0.43333333333333335,4,Brahms_Symph3_iii(1-53)_ORCH+REDUC+sketch+piano.xml
76,1,48,0.26666666666666666,4,Brahms_Symph3_iii(1-53)_ORCH+REDUC+sketch+piano.xml
77,1,53,0.099999999999999978,4,Brahms_Symph3_iii(1-53)_ORCH+REDUC+sketch+piano.xml
78,1,43,0.5,4,Brahms_Symph3_iii(1-53)_ORCH+REDUC+sketch+piano.xml
79,1,51,0.5,4,Brahms_Symph3_iii(1-53)_ORCH+REDUC+sketch+piano.xml
80,3,55,0.5,4,Brahms_Symph3_iii(1-53)_ORCH+REDUC+sketch+piano.xml
83,1,63,0.5,4,Brahms_Symph3_iii(1-53)_ORCH+REDUC+sketch+piano.xml
