t0,dt,pitch,dyn,quantization,filename
6,1,43,0.25800000000000001,4,Brahms_Symph3_iii(1-53)_ORCH+REDUC+sketch+piano.xml
7,1,51,0.25800000000000001,4,Brahms_Symph3_iii(1-53)_ORCH+REDUC+sketch+piano.xml
8,3,55,0.25800000000000001,4,Brahms_Symph3_iii(1-53)_ORCH+REDUC+sketch+piano.xml
11,1,63,0.25800000000000001,4,Brahms_Symph3_iii(1-53)_ORCH+REDUC+sketch+piano.xml
12,2,68,0.25800000000000001,4,Brahms_Symph3_iii(1-53)_ORCH+REDUC+sketch+piano.xml
18,1,43,0.25800000000000001,4,Brahms_Symph3_iii(1-53)_ORCH+REDUC+sketch+piano.xml
19,1,51,0.25800000000000001,4,Brahms_Symph3_iii(1-53)_ORCH+REDUC+sketch+piano.xml
20,2,55,0.25800000000000001,4,Brahms_Symph3_iii(1-53)_ORCH+REDUC+sketch+piano.xml
22,1,60,0.25800000000000001,4,Brahms_Symph3_iii(1-53)_ORCH+REDUC+sketch+piano.xml
23,1,63,0.25800000000000001,4,Brahms_Symph3_iii(1-53)_ORCH+REDUC+sketch+piano.xml
24,2,72,0.25800000000000001,4,Brahms_Symph3_iii(1-53)_ORCH+REDUC+sketch+piano.xml
30,1,44,0.25800000000000001,4,Brahms_Symph3_iii(1-53)_ORCH+REDUC+sketch+piano.xml
31,1,50,0.25800000000000001,4,Brahms_Symph3_iii(1-53)_ORCH+REDUC+sketch+piano.xml
32,2,53,0.25800000000000001,4,Brahms_Symph3_iii(1-53)_ORCH+REDUC+sketch+piano.xml
36,1,43,0.25800000000000001,4,Brahms_Symph3_iii(1-53)_ORCH+REDUC+sketch+piano.xml
37,1,48,0.25800000000000001,4,Brahms_Symph3_iii(1-53)_ORCH+REDUC+sketch+piano.xml
38,2,51,0.25800000000000001,4,Brahms_Symph3_iii(1-53)_ORCH+REDUC+sketch+piano.xml
42,1,44,0.25800000000000001,4,Brahms_Symph3_iii(1-53)_ORCH+REDUC+sketch+piano.xml
43,1,48,0.25800000000000001,4,Brahms_Symph3_iii(1-53)_ORCH+REDUC+sketch+piano.xml
44,2,53,0.25800000000000001,4,Brahms_Symph3_iii(1-53)_ORCH+REDUC+sketch+piano.xml
46,2,54,0.25800000000000001,4,Brahms_Symph3_iii(1-53)_ORCH+REDUC+sketch+piano.xml
48,1,50,0.25800000000000001,4,Brahms_Symph3_iii(1-53)_ORCH+REDUC+sketch+piano.xml
49,1,55,0.25800000000000001,4,Brahms_Symph3_iii(1-53)_ORCH+REDUC+sketch+piano.xml
50,1,51,0.25800000000000001,4,Brahms_Symph3_iii(1-53)_ORCH+REDUC+sketch+piano.xml
51,1,51,0.35799999999999998,4,Brahms_Symph3_iii(1-53)_ORCH+REDUC+sketch+piano.xml
52,1,55,0.45800000000000002,4,Brahms_Symph3_iii(1-53)_ORCH+REDUC+sketch+piano.xml
53,1,60,0.55800000000000005,4,Brahms_Symph3_iii(1-53)_ORCH+REDUC+sketch+piano.xml
54,1,53,0.65800000000000003,4,Brahms_Symph3_iii(1-53)_ORCH+REDUC+sketch+piano.xml
55,1,53,0.75800000000000001,4,Brahms_Symph3_iii(1-53)_ORCH+REDUC+sketch+piano.xml
56,1,53,0.35799999999999998,4,Brahms_Symph3_iii(1-53)_ORCH+REDUC+sketch+piano.xml
57,1,62,0.35799999999999998,4,Brahms_Symph3_iii(1-53)_ORCH+REDUC+sketch+piano.xml
58,2,60,0.35799999999999998,4,Brahms_Symph3_iii(1-53)_ORCH+REDUC+sketch+piano.xml
60,1,53,0.35799999999999998,4,Brahms_Symph3_iii(1-53)_ORCH+REDUC+sketch+piano.xml
61,1,62,0.26849999999999996,4,Brahms_Symph3_iii(1-53)_ORCH+REDUC+sketch+piano.xml
62,1,58,0.17899999999999999,4,Brahms_Symph3_iii(1-53)_ORCH+REDUC+sketch+piano.xml
63,1,58,0.089500000000000024,4,Brahms_Symph3_iii(1-53)_ORCH+REDUC+sketch+piano.xml
65,1,56,0.25800000000000001,4,Brahms_Symph3_iii(1-53)_ORCH+REDUC+sketch+piano.xml
66,2,51,0.25800000000000001,4,Brahms_Symph3_iii(1-53)_ORCH+REDUC+sketch+piano.xml
68,2,48,0.25800000000000001,4,Brahms_Symph3_iii(1-53)_ORCH+REDUC+sketch+piano.xml
70,2,50,0.25800000000000001,4,Brahms_Symph3_iii(1-53)_ORCH+REDUC+sketch+piano.xml
76,1,60,0.25800000000000001,4,Brahms_Symph3_iii(1-53)_ORCH+REDUC+sketch+piano.xml
77,1,62,0.25800000000000001,4,Brahms_Symph3_iii(1-53)_ORCH+REDUC+sketch+piano.xml
78,6,63,0.38300000000000001,4,Brahms_Symph3_iii(1-53)_ORCH+REDUC+sketch+piano.xml
