t0,dt,pitch,dyn,quantization,filename
9,1,48,0.38300000000000001,4,Brahms_Symph3_iii(1-53)_ORCH+REDUC+sketch+piano.xml
10,1,46,0.38300000000000001,4,Brahms_Symph3_iii(1-53)_ORCH+REDUC+sketch+piano.xml
11,1,43,0.48299999999999998,4,Brahms_Symph3_iii(1-53)_ORCH+REDUC+sketch+piano.xml
12,1,41,0.48299999999999998,4,Brahms_Symph3_iii(1-53)_ORCH+REDUC+sketch+piano.xml
14,1,48,0.38300000000000001,4,Brahms_Symph3_iii(1-53)_ORCH+REDUC+sketch+piano.xml
21,1,48,0.38300000000000001,4,Brahms_Symph3_iii(1-53)_ORCH+REDUC+sketch+piano.xml
22,1,46,0.38300000000000001,4,Brahms_Symph3_iii(1-53)_ORCH+REDUC+sketch+piano.xml
23,1,43,0.48299999999999998,4,Brahms_Symph3_iii(1-53)_ORCH+REDUC+sketch+piano.xml
24,1,41,0.48299999999999998,4,Brahms_Symph3_iii(1-53)_ORCH+REDUC+sketch+piano.xml
26,1,48,0.38300000000000001,4,Brahms_Symph3_iii(1-53)_ORCH+REDUC+sketch+piano.xml
30,1,41,0.38300000000000001,4,Brahms_Symph3_iii(1-53)_ORCH+REDUC+sketch+piano.xml
31,1,44,0.38300000000000001,4,Brahms_Symph3_iii(1-53)_ORCH+REDUC+sketch+piano.xml
32,1,50,0.38300000000000001,4,Brahms_Symph3_iii(1-53)_ORCH+REDUC+sketch+piano.xml
36,1,39,0.38300000000000001,4,Brahms_Symph3_iii(1-53)_ORCH+REDUC+sketch+piano.xml
37,1,43,0.38300000000000001,4,Brahms_Symph3_iii(1-53)_ORCH+REDUC+sketch+piano.xml
38,1,48,0.38300000000000001,4,Brahms_Symph3_iii(1-53)_ORCH+REDUC+sketch+piano.xml
42,1,36,0.38300000000000001,4,Brahms_Symph3_iii(1-53)_ORCH+REDUC+sketch+piano.xml
43,1,41,0.38300000000000001,4,Brahms_Symph3_iii(1-53)_ORCH+REDUC+sketch+piano.xml
44,1,44,0.38300000000000001,4,Brahms_Symph3_iii(1-53)_ORCH+REDUC+sketch+piano.xml
48,1,38,0.38300000000000001,4,Brahms_Symph3_iii(1-53)_ORCH+REDUC+sketch+piano.xml
49,2,43,0.38300000000000001,4,Brahms_Symph3_iii(1-53)_ORCH+REDUC+sketch+piano.xml
51,1,48,0.48299999999999998,4,Brahms_Symph3_iii(1-53)_ORCH+REDUC+sketch+piano.xml
52,1,48,0.58299999999999996,4,Brahms_Symph3_iii(1-53)_ORCH+REDUC+sketch+piano.xml
53,1,48,0.68300000000000005,4,Brahms_Symph3_iii(1-53)_ORCH+REDUC+sketch+piano.xml
54,1,41,0.78300000000000003,4,Brahms_Symph3_iii(1-53)_ORCH+REDUC+sketch+piano.xml
55,1,48,0.88300000000000001,4,Brahms_Symph3_iii(1-53)_ORCH+REDUC+sketch+piano.xml
57,1,41,0.48299999999999998,4,Brahms_Symph3_iii(1-53)_ORCH+REDUC+sketch+piano.xml
58,1,48,0.48299999999999998,4,Brahms_Symph3_iii(1-53)_ORCH+REDUC+sketch+piano.xml
59,2,41,0.48299999999999998,4,Brahms_Symph3_iii(1-53)_ORCH+REDUC+sketch+piano.xml
61,1,46,0.36224999999999996,4,Brahms_Symph3_iii(1-53)_ORCH+REDUC+sketch+piano.xml
63,1,39,0.12075000000000002,4,Brahms_Symph3_iii(1-53)_ORCH+REDUC+sketch+piano.xml
65,1,38,0.38300000000000001,4,Brahms_Symph3_iii(1-53)_ORCH+REDUC+sketch+piano.xml
66,1,39,0.38300000000000001,4,Brahms_Symph3_iii(1-53)_ORCH+REDUC+sketch+piano.xml
67,1,48,0.38300000000000001,4,Brahms_Symph3_iii(1-53)_ORCH+REDUC+sketch+piano.xml
68,1,43,0.38300000000000001,4,Brahms_Symph3_iii(1-53)_ORCH+REDUC+sketch+piano.xml
69,1,48,0.38300000000000001,4,Brahms_Symph3_iii(1-53)_ORCH+REDUC+sketch+piano.xml
70,1,47,0.38300000000000001,4,Brahms_Symph3_iii(1-53)_ORCH+REDUC+sketch+piano.xml
71,1,50,0.38300000000000001,4,Brahms_Symph3_iii(1-53)_ORCH+REDUC+sketch+piano.xml
72,1,43,0.38300000000000001,4,Brahms_Symph3_iii(1-53)_ORCH+REDUC+sketch+piano.xml
73,1,43,0.48299999999999998,4,Brahms_Symph3_iii(1-53)_ORCH+REDUC+sketch+piano.xml
74,1,45,0.48299999999999998,4,Brahms_Symph3_iii(1-53)_ORCH+REDUC+sketch+piano.xml
75,1,45,0.32199999999999995,4,Brahms_Symph3_iii(1-53)_ORCH+REDUC+sketch+piano.xml
76,1,45,0.16099999999999998,4,Brahms_Symph3_iii(1-53)_ORCH+REDUC+sketch+piano.xml
78,2,48,0.38300000000000001,4,Brahms_Symph3_iii(1-53)_ORCH+REDUC+sketch+piano.xml
80,1,51,0.38300000000000001,4,Brahms_Symph3_iii(1-53)_ORCH+REDUC+sketch+piano.xml
81,1,55,0.38300000000000001,4,Brahms_Symph3_iii(1-53)_ORCH+REDUC+sketch+piano.xml
82,2,51,0.38300000000000001,4,Brahms_Symph3_iii(1-53)_ORCH+REDUC+sketch+piano.xml
