t0,dt,pitch,dyn,quantization,filename
172,52,22,0.38300000000000001,4,Beethoven_Symph3_iii(1-30)_ORCH+REDUC+piano.xml
224,4,32,0.38300000000000001,4,Beethoven_Symph3_iii(1-30)_ORCH+REDUC+piano.xml
228,4,31,0.38300000000000001,4,Beethoven_Symph3_iii(1-30)_ORCH+REDUC+piano.xml
232,8,26,0.38300000000000001,4,Beethoven_Symph3_iii(1-30)_ORCH+REDUC+piano.xml
240,4,27,0.38300000000000001,4,Beethoven_Symph3_iii(1-30)_ORCH+REDUC+piano.xml
244,4,26,0.38300000000000001,4,Beethoven_Symph3_iii(1-30)_ORCH+REDUC+piano.xml
248,4,24,0.38300000000000001,4,Beethoven_Symph3_iii(1-30)_ORCH+REDUC+piano.xml
252,4,22,0.38300000000000001,4,Beethoven_Symph3_iii(1-30)_ORCH+REDUC+piano.xml
256,4,38,0.38300000000000001,4,Beethoven_Symph3_iii(1-30)_ORCH+REDUC+piano.xml
260,4,36,0.38300000000000001,4,Beethoven_Symph3_iii(1-30)_ORCH+REDUC+piano.xml
264,4,34,0.38300000000000001,4,Beethoven_Symph3_iii(1-30)_ORCH+REDUC+piano.xml
268,4,38,0.38300000000000001,4,Beethoven_Symph3_iii(1-30)_ORCH+REDUC+piano.xml
272,4,36,0.38300000000000001,4,Beethoven_Symph3_iii(1-30)_ORCH+REDUC+piano.xml
276,8,34,0.38300000000000001,4,Beethoven_Symph3_iii(1-30)_ORCH+REDUC+piano.xml
284,4,36,0.38300000000000001,4,Beethoven_Symph3_iii(1-30)_ORCH+REDUC+piano.xml
288,4,38,0.38300000000000001,4,Beethoven_Symph3_iii(1-30)_ORCH+REDUC+piano.xml
292,4,33,0.38300000000000001,4,Beethoven_Symph3_iii(1-30)_ORCH+REDUC+piano.xml
296,4,35,0.38300000000000001,4,Beethoven_Symph3_iii(1-30)_ORCH+REDUC+piano.xml
300,4,36,0.38300000000000001,4,Beethoven_Symph3_iii(1-30)_ORCH+REDUC+piano.xml
304,4,31,0.38300000000000001,4,Beethoven_Symph3_iii(1-30)_ORCH+REDUC+piano.xml
308,4,33,0.38300000000000001,4,Beethoven_Symph3_iii(1-30)_ORCH+REDUC+piano.xml
312,4,34,0.38300000000000001,4,Beethoven_Symph3_iii(1-30)_ORCH+REDUC+piano.xml
316,4,29,0.38300000000000001,4,Beethoven_Symph3_iii(1-30)_ORCH+REDUC+piano.xml
320,4,31,0.38300000000000001,4,Beethoven_Symph3_iii(1-30)_ORCH+REDUC+piano.xml
324,4,27,0.38300000000000001,4,Beethoven_Symph3_iii(1-30)_ORCH+REDUC+piano.xml
328,4,24,0.38300000000000001,4,Beethoven_Symph3_iii(1-30)_ORCH+REDUC+piano.xml
332,4,29,0.38300000000000001,4,Beethoven_Symph3_iii(1-30)_ORCH+REDUC+piano.xml
336,12,22,0.38300000000000001,4,Beethoven_Symph3_iii(1-30)_ORCH+REDUC+piano.xml
