t0,dt,pitch,dyn,quantization,filename
300,12,75,0.38300000000000001,4,Beethoven_Symph3_iii(1-30)_ORCH+REDUC+piano.xml
312,4,74,0.38300000000000001,4,Beethoven_Symph3_iii(1-30)_ORCH+REDUC+piano.xml
316,4,77,0.38300000000000001,4,Beethoven_Symph3_iii(1-30)_ORCH+REDUC+piano.xml
320,4,74,0.38300000000000001,4,Beethoven_Symph3_iii(1-30)_ORCH+REDUC+piano.xml
324,4,72,0.38300000000000001,4,Beethoven_Symph3_iii(1-30)_ORCH+REDUC+piano.xml
328,4,75,0.38300000000000001,4,Beethoven_Symph3_iii(1-30)_ORCH+REDUC+piano.xml
332,4,72,0.38300000000000001,4,Beethoven_Symph3_iii(1-30)_ORCH+REDUC+piano.xml
336,4,70,0.38300000000000001,4,Beethoven_Symph3_iii(1-30)_ORCH+REDUC+piano.xml
