t0,dt,pitch,dyn,quantization,filename
84,28,70,0.25800000000000001,4,Beethoven_Symph3_iii(1-30)_ORCH+REDUC+piano.xml
112,2,72,0.25800000000000001,4,Beethoven_Symph3_iii(1-30)_ORCH+REDUC+piano.xml
114,2,70,0.25800000000000001,4,Beethoven_Symph3_iii(1-30)_ORCH+REDUC+piano.xml
116,2,69,0.25800000000000001,4,Beethoven_Symph3_iii(1-30)_ORCH+REDUC+piano.xml
118,2,67,0.25800000000000001,4,Beethoven_Symph3_iii(1-30)_ORCH+REDUC+piano.xml
120,12,65,0.25800000000000001,4,Beethoven_Symph3_iii(1-30)_ORCH+REDUC+piano.xml
132,12,63,0.25800000000000001,4,Beethoven_Symph3_iii(1-30)_ORCH+REDUC+piano.xml
144,4,62,0.25800000000000001,4,Beethoven_Symph3_iii(1-30)_ORCH+REDUC+piano.xml
148,4,65,0.25800000000000001,4,Beethoven_Symph3_iii(1-30)_ORCH+REDUC+piano.xml
152,4,62,0.25800000000000001,4,Beethoven_Symph3_iii(1-30)_ORCH+REDUC+piano.xml
156,4,60,0.25800000000000001,4,Beethoven_Symph3_iii(1-30)_ORCH+REDUC+piano.xml
160,4,63,0.25800000000000001,4,Beethoven_Symph3_iii(1-30)_ORCH+REDUC+piano.xml
164,4,60,0.25800000000000001,4,Beethoven_Symph3_iii(1-30)_ORCH+REDUC+piano.xml
168,4,58,0.25800000000000001,4,Beethoven_Symph3_iii(1-30)_ORCH+REDUC+piano.xml
224,4,62,0.25800000000000001,4,Beethoven_Symph3_iii(1-30)_ORCH+REDUC+piano.xml
228,4,63,0.25800000000000001,4,Beethoven_Symph3_iii(1-30)_ORCH+REDUC+piano.xml
232,4,65,0.25800000000000001,4,Beethoven_Symph3_iii(1-30)_ORCH+REDUC+piano.xml
236,4,66,0.25800000000000001,4,Beethoven_Symph3_iii(1-30)_ORCH+REDUC+piano.xml
240,4,67,0.25800000000000001,4,Beethoven_Symph3_iii(1-30)_ORCH+REDUC+piano.xml
244,4,68,0.25800000000000001,4,Beethoven_Symph3_iii(1-30)_ORCH+REDUC+piano.xml
248,4,69,0.25800000000000001,4,Beethoven_Symph3_iii(1-30)_ORCH+REDUC+piano.xml
252,28,70,0.25800000000000001,4,Beethoven_Symph3_iii(1-30)_ORCH+REDUC+piano.xml
280,2,72,0.25800000000000001,4,Beethoven_Symph3_iii(1-30)_ORCH+REDUC+piano.xml
282,2,70,0.25800000000000001,4,Beethoven_Symph3_iii(1-30)_ORCH+REDUC+piano.xml
284,2,69,0.25800000000000001,4,Beethoven_Symph3_iii(1-30)_ORCH+REDUC+piano.xml
286,2,67,0.25800000000000001,4,Beethoven_Symph3_iii(1-30)_ORCH+REDUC+piano.xml
288,12,65,0.25800000000000001,4,Beethoven_Symph3_iii(1-30)_ORCH+REDUC+piano.xml
300,12,63,0.25800000000000001,4,Beethoven_Symph3_iii(1-30)_ORCH+REDUC+piano.xml
312,4,62,0.25800000000000001,4,Beethoven_Symph3_iii(1-30)_ORCH+REDUC+piano.xml
316,4,65,0.25800000000000001,4,Beethoven_Symph3_iii(1-30)_ORCH+REDUC+piano.xml
320,4,62,0.25800000000000001,4,Beethoven_Symph3_iii(1-30)_ORCH+REDUC+piano.xml
324,4,60,0.25800000000000001,4,Beethoven_Symph3_iii(1-30)_ORCH+REDUC+piano.xml
328,4,63,0.25800000000000001,4,Beethoven_Symph3_iii(1-30)_ORCH+REDUC+piano.xml
332,4,60,0.25800000000000001,4,Beethoven_Symph3_iii(1-30)_ORCH+REDUC+piano.xml
336,4,58,0.25800000000000001,4,Beethoven_Symph3_iii(1-30)_ORCH+REDUC+piano.xml
