t0,dt,pitch,dyn,quantization,filename
8,60,39,0.25800000000000001,4,Beethoven_Symph3_iii(1-30)_ORCH+REDUC+piano.xml
8,8,43,0.25800000000000001,4,Beethoven_Symph3_iii(1-30)_ORCH+REDUC+piano.xml
8,8,46,0.25800000000000001,4,Beethoven_Symph3_iii(1-30)_ORCH+REDUC+piano.xml
16,4,44,0.25800000000000001,4,Beethoven_Symph3_iii(1-30)_ORCH+REDUC+piano.xml
16,4,48,0.25800000000000001,4,Beethoven_Symph3_iii(1-30)_ORCH+REDUC+piano.xml
20,4,43,0.25800000000000001,4,Beethoven_Symph3_iii(1-30)_ORCH+REDUC+piano.xml
20,4,46,0.25800000000000001,4,Beethoven_Symph3_iii(1-30)_ORCH+REDUC+piano.xml
24,4,44,0.25800000000000001,4,Beethoven_Symph3_iii(1-30)_ORCH+REDUC+piano.xml
24,4,48,0.25800000000000001,4,Beethoven_Symph3_iii(1-30)_ORCH+REDUC+piano.xml
28,4,43,0.25800000000000001,4,Beethoven_Symph3_iii(1-30)_ORCH+REDUC+piano.xml
28,4,46,0.25800000000000001,4,Beethoven_Symph3_iii(1-30)_ORCH+REDUC+piano.xml
32,4,44,0.25800000000000001,4,Beethoven_Symph3_iii(1-30)_ORCH+REDUC+piano.xml
32,4,48,0.25800000000000001,4,Beethoven_Symph3_iii(1-30)_ORCH+REDUC+piano.xml
36,4,43,0.25800000000000001,4,Beethoven_Symph3_iii(1-30)_ORCH+REDUC+piano.xml
36,4,46,0.25800000000000001,4,Beethoven_Symph3_iii(1-30)_ORCH+REDUC+piano.xml
40,4,44,0.25800000000000001,4,Beethoven_Symph3_iii(1-30)_ORCH+REDUC+piano.xml
40,4,48,0.25800000000000001,4,Beethoven_Symph3_iii(1-30)_ORCH+REDUC+piano.xml
44,4,43,0.25800000000000001,4,Beethoven_Symph3_iii(1-30)_ORCH+REDUC+piano.xml
44,4,46,0.25800000000000001,4,Beethoven_Symph3_iii(1-30)_ORCH+REDUC+piano.xml
48,4,44,0.25800000000000001,4,Beethoven_Symph3_iii(1-30)_ORCH+REDUC+piano.xml
48,4,48,0.25800000000000001,4,Beethoven_Symph3_iii(1-30)_ORCH+REDUC+piano.xml
52,4,43,0.25800000000000001,4,Beethoven_Symph3_iii(1-30)_ORCH+REDUC+piano.xml
52,4,46,0.25800000000000001,4,Beethoven_Symph3_iii(1-30)_ORCH+REDUC+piano.xml
56,4,41,0.25800000000000001,4,Beethoven_Symph3_iii(1-30)_ORCH+REDUC+piano.xml
56,4,44,0.25800000000000001,4,Beethoven_Symph3_iii(1-30)_ORCH+REDUC+piano.xml
56,4,50,0.25800000000000001,4,Beethoven_Symph3_iii(1-30)_ORCH+REDUC+piano.xml
60,4,43,0.25800000000000001,4,Beethoven_Symph3_iii(1-30)_ORCH+REDUC+piano.xml
60,16,46,0.25800000000000001,4,Beethoven_Symph3_iii(1-30)_ORCH+REDUC+piano.xml
60,8,51,0.25800000000000001,4,Beethoven_Symph3_iii(1-30)_ORCH+REDUC+piano.xml
64,4,53,0.25800000000000001,4,Beethoven_Symph3_iii(1-30)_ORCH+REDUC+piano.xml
68,4,38,0.25800000000000001,4,Beethoven_Symph3_iii(1-30)_ORCH+REDUC+piano.xml
68,4,50,0.25800000000000001,4,Beethoven_Symph3_iii(1-30)_ORCH+REDUC+piano.xml
68,4,54,0.25800000000000001,4,Beethoven_Symph3_iii(1-30)_ORCH+REDUC+piano.xml
72,4,39,0.25800000000000001,4,Beethoven_Symph3_iii(1-30)_ORCH+REDUC+piano.xml
72,4,51,0.25800000000000001,4,Beethoven_Symph3_iii(1-30)_ORCH+REDUC+piano.xml
72,4,55,0.25800000000000001,4,Beethoven_Symph3_iii(1-30)_ORCH+REDUC+piano.xml
76,4,38,0.25800000000000001,4,Beethoven_Symph3_iii(1-30)_ORCH+REDUC+piano.xml
76,4,53,0.25800000000000001,4,Beethoven_Symph3_iii(1-30)_ORCH+REDUC+piano.xml
76,4,56,0.25800000000000001,4,Beethoven_Symph3_iii(1-30)_ORCH+REDUC+piano.xml
80,4,36,0.25800000000000001,4,Beethoven_Symph3_iii(1-30)_ORCH+REDUC+piano.xml
80,4,51,0.25800000000000001,4,Beethoven_Symph3_iii(1-30)_ORCH+REDUC+piano.xml
80,4,57,0.25800000000000001,4,Beethoven_Symph3_iii(1-30)_ORCH+REDUC+piano.xml
84,4,34,0.25800000000000001,4,Beethoven_Symph3_iii(1-30)_ORCH+REDUC+piano.xml
84,4,46,0.25800000000000001,4,Beethoven_Symph3_iii(1-30)_ORCH+REDUC+piano.xml
84,8,50,0.25800000000000001,4,Beethoven_Symph3_iii(1-30)_ORCH+REDUC+piano.xml
84,28,58,0.25800000000000001,4,Beethoven_Symph3_iii(1-30)_ORCH+REDUC+piano.xml
88,4,53,0.25800000000000001,4,Beethoven_Symph3_iii(1-30)_ORCH+REDUC+piano.xml
92,4,48,0.25800000000000001,4,Beethoven_Symph3_iii(1-30)_ORCH+REDUC+piano.xml
92,4,51,0.25800000000000001,4,Beethoven_Symph3_iii(1-30)_ORCH+REDUC+piano.xml
96,4,46,0.25800000000000001,4,Beethoven_Symph3_iii(1-30)_ORCH+REDUC+piano.xml
96,8,50,0.25800000000000001,4,Beethoven_Symph3_iii(1-30)_ORCH+REDUC+piano.xml
100,4,53,0.25800000000000001,4,Beethoven_Symph3_iii(1-30)_ORCH+REDUC+piano.xml
104,4,48,0.25800000000000001,4,Beethoven_Symph3_iii(1-30)_ORCH+REDUC+piano.xml
104,4,51,0.25800000000000001,4,Beethoven_Symph3_iii(1-30)_ORCH+REDUC+piano.xml
108,8,46,0.25800000000000001,4,Beethoven_Symph3_iii(1-30)_ORCH+REDUC+piano.xml
108,8,50,0.25800000000000001,4,Beethoven_Symph3_iii(1-30)_ORCH+REDUC+piano.xml
112,2,60,0.25800000000000001,4,Beethoven_Symph3_iii(1-30)_ORCH+REDUC+piano.xml
114,2,58,0.25800000000000001,4,Beethoven_Symph3_iii(1-30)_ORCH+REDUC+piano.xml
116,4,48,0.25800000000000001,4,Beethoven_Symph3_iii(1-30)_ORCH+REDUC+piano.xml
116,4,51,0.25800000000000001,4,Beethoven_Symph3_iii(1-30)_ORCH+REDUC+piano.xml
116,2,57,0.25800000000000001,4,Beethoven_Symph3_iii(1-30)_ORCH+REDUC+piano.xml
118,2,55,0.25800000000000001,4,Beethoven_Symph3_iii(1-30)_ORCH+REDUC+piano.xml
120,4,50,0.25800000000000001,4,Beethoven_Symph3_iii(1-30)_ORCH+REDUC+piano.xml
120,12,53,0.25800000000000001,4,Beethoven_Symph3_iii(1-30)_ORCH+REDUC+piano.xml
124,4,45,0.25800000000000001,4,Beethoven_Symph3_iii(1-30)_ORCH+REDUC+piano.xml
124,4,48,0.25800000000000001,4,Beethoven_Symph3_iii(1-30)_ORCH+REDUC+piano.xml
128,4,47,0.25800000000000001,4,Beethoven_Symph3_iii(1-30)_ORCH+REDUC+piano.xml
128,4,50,0.25800000000000001,4,Beethoven_Symph3_iii(1-30)_ORCH+REDUC+piano.xml
132,4,48,0.25800000000000001,4,Beethoven_Symph3_iii(1-30)_ORCH+REDUC+piano.xml
132,12,51,0.25800000000000001,4,Beethoven_Symph3_iii(1-30)_ORCH+REDUC+piano.xml
136,4,43,0.25800000000000001,4,Beethoven_Symph3_iii(1-30)_ORCH+REDUC+piano.xml
136,4,46,0.25800000000000001,4,Beethoven_Symph3_iii(1-30)_ORCH+REDUC+piano.xml
140,4,45,0.25800000000000001,4,Beethoven_Symph3_iii(1-30)_ORCH+REDUC+piano.xml
140,4,48,0.25800000000000001,4,Beethoven_Symph3_iii(1-30)_ORCH+REDUC+piano.xml
144,4,46,0.25800000000000001,4,Beethoven_Symph3_iii(1-30)_ORCH+REDUC+piano.xml
144,4,50,0.25800000000000001,4,Beethoven_Symph3_iii(1-30)_ORCH+REDUC+piano.xml
148,4,41,0.25800000000000001,4,Beethoven_Symph3_iii(1-30)_ORCH+REDUC+piano.xml
148,4,45,0.25800000000000001,4,Beethoven_Symph3_iii(1-30)_ORCH+REDUC+piano.xml
148,4,53,0.25800000000000001,4,Beethoven_Symph3_iii(1-30)_ORCH+REDUC+piano.xml
152,4,43,0.25800000000000001,4,Beethoven_Symph3_iii(1-30)_ORCH+REDUC+piano.xml
152,4,46,0.25800000000000001,4,Beethoven_Symph3_iii(1-30)_ORCH+REDUC+piano.xml
152,4,50,0.25800000000000001,4,Beethoven_Symph3_iii(1-30)_ORCH+REDUC+piano.xml
156,4,39,0.25800000000000001,4,Beethoven_Symph3_iii(1-30)_ORCH+REDUC+piano.xml
156,4,48,0.25800000000000001,4,Beethoven_Symph3_iii(1-30)_ORCH+REDUC+piano.xml
160,4,36,0.25800000000000001,4,Beethoven_Symph3_iii(1-30)_ORCH+REDUC+piano.xml
160,4,43,0.25800000000000001,4,Beethoven_Symph3_iii(1-30)_ORCH+REDUC+piano.xml
160,4,51,0.25800000000000001,4,Beethoven_Symph3_iii(1-30)_ORCH+REDUC+piano.xml
164,4,41,0.25800000000000001,4,Beethoven_Symph3_iii(1-30)_ORCH+REDUC+piano.xml
164,4,45,0.25800000000000001,4,Beethoven_Symph3_iii(1-30)_ORCH+REDUC+piano.xml
164,4,48,0.25800000000000001,4,Beethoven_Symph3_iii(1-30)_ORCH+REDUC+piano.xml
168,8,34,0.38300000000000001,4,Beethoven_Symph3_iii(1-30)_ORCH+REDUC+piano.xml
168,4,38,0.38300000000000001,4,Beethoven_Symph3_iii(1-30)_ORCH+REDUC+piano.xml
168,4,46,0.38300000000000001,4,Beethoven_Symph3_iii(1-30)_ORCH+REDUC+piano.xml
176,4,22,0.38300000000000001,4,Beethoven_Symph3_iii(1-30)_ORCH+REDUC+piano.xml
176,48,39,0.38300000000000001,4,Beethoven_Symph3_iii(1-30)_ORCH+REDUC+piano.xml
176,8,43,0.38300000000000001,4,Beethoven_Symph3_iii(1-30)_ORCH+REDUC+piano.xml
176,8,46,0.38300000000000001,4,Beethoven_Symph3_iii(1-30)_ORCH+REDUC+piano.xml
180,44,34,0.38300000000000001,4,Beethoven_Symph3_iii(1-30)_ORCH+REDUC+piano.xml
184,4,44,0.38300000000000001,4,Beethoven_Symph3_iii(1-30)_ORCH+REDUC+piano.xml
184,4,48,0.38300000000000001,4,Beethoven_Symph3_iii(1-30)_ORCH+REDUC+piano.xml
188,4,43,0.38300000000000001,4,Beethoven_Symph3_iii(1-30)_ORCH+REDUC+piano.xml
188,4,46,0.38300000000000001,4,Beethoven_Symph3_iii(1-30)_ORCH+REDUC+piano.xml
192,4,44,0.38300000000000001,4,Beethoven_Symph3_iii(1-30)_ORCH+REDUC+piano.xml
192,4,48,0.38300000000000001,4,Beethoven_Symph3_iii(1-30)_ORCH+REDUC+piano.xml
196,4,43,0.38300000000000001,4,Beethoven_Symph3_iii(1-30)_ORCH+REDUC+piano.xml
196,4,46,0.38300000000000001,4,Beethoven_Symph3_iii(1-30)_ORCH+REDUC+piano.xml
200,4,44,0.38300000000000001,4,Beethoven_Symph3_iii(1-30)_ORCH+REDUC+piano.xml
200,4,48,0.38300000000000001,4,Beethoven_Symph3_iii(1-30)_ORCH+REDUC+piano.xml
204,4,43,0.38300000000000001,4,Beethoven_Symph3_iii(1-30)_ORCH+REDUC+piano.xml
204,4,46,0.38300000000000001,4,Beethoven_Symph3_iii(1-30)_ORCH+REDUC+piano.xml
208,4,44,0.38300000000000001,4,Beethoven_Symph3_iii(1-30)_ORCH+REDUC+piano.xml
208,4,48,0.38300000000000001,4,Beethoven_Symph3_iii(1-30)_ORCH+REDUC+piano.xml
212,4,43,0.38300000000000001,4,Beethoven_Symph3_iii(1-30)_ORCH+REDUC+piano.xml
212,4,46,0.38300000000000001,4,Beethoven_Symph3_iii(1-30)_ORCH+REDUC+piano.xml
216,4,44,0.38300000000000001,4,Beethoven_Symph3_iii(1-30)_ORCH+REDUC+piano.xml
216,4,48,0.38300000000000001,4,Beethoven_Symph3_iii(1-30)_ORCH+REDUC+piano.xml
220,4,43,0.38300000000000001,4,Beethoven_Symph3_iii(1-30)_ORCH+REDUC+piano.xml
220,24,46,0.38300000000000001,4,Beethoven_Symph3_iii(1-30)_ORCH+REDUC+piano.xml
224,4,32,0.38300000000000001,4,Beethoven_Symph3_iii(1-30)_ORCH+REDUC+piano.xml
224,4,41,0.38300000000000001,4,Beethoven_Symph3_iii(1-30)_ORCH+REDUC+piano.xml
224,4,50,0.38300000000000001,4,Beethoven_Symph3_iii(1-30)_ORCH+REDUC+piano.xml
228,4,31,0.38300000000000001,4,Beethoven_Symph3_iii(1-30)_ORCH+REDUC+piano.xml
228,4,43,0.38300000000000001,4,Beethoven_Symph3_iii(1-30)_ORCH+REDUC+piano.xml
228,4,51,0.38300000000000001,4,Beethoven_Symph3_iii(1-30)_ORCH+REDUC+piano.xml
232,8,26,0.38300000000000001,4,Beethoven_Symph3_iii(1-30)_ORCH+REDUC+piano.xml
232,8,44,0.38300000000000001,4,Beethoven_Symph3_iii(1-30)_ORCH+REDUC+piano.xml
232,4,53,0.38300000000000001,4,Beethoven_Symph3_iii(1-30)_ORCH+REDUC+piano.xml
236,4,54,0.38300000000000001,4,Beethoven_Symph3_iii(1-30)_ORCH+REDUC+piano.xml
240,4,27,0.38300000000000001,4,Beethoven_Symph3_iii(1-30)_ORCH+REDUC+piano.xml
240,4,55,0.38300000000000001,4,Beethoven_Symph3_iii(1-30)_ORCH+REDUC+piano.xml
244,4,26,0.38300000000000001,4,Beethoven_Symph3_iii(1-30)_ORCH+REDUC+piano.xml
244,4,53,0.38300000000000001,4,Beethoven_Symph3_iii(1-30)_ORCH+REDUC+piano.xml
244,4,56,0.38300000000000001,4,Beethoven_Symph3_iii(1-30)_ORCH+REDUC+piano.xml
248,4,24,0.38300000000000001,4,Beethoven_Symph3_iii(1-30)_ORCH+REDUC+piano.xml
248,4,48,0.38300000000000001,4,Beethoven_Symph3_iii(1-30)_ORCH+REDUC+piano.xml
248,4,51,0.38300000000000001,4,Beethoven_Symph3_iii(1-30)_ORCH+REDUC+piano.xml
248,4,57,0.38300000000000001,4,Beethoven_Symph3_iii(1-30)_ORCH+REDUC+piano.xml
252,4,22,0.38300000000000001,4,Beethoven_Symph3_iii(1-30)_ORCH+REDUC+piano.xml
252,4,50,0.38300000000000001,4,Beethoven_Symph3_iii(1-30)_ORCH+REDUC+piano.xml
252,28,58,0.38300000000000001,4,Beethoven_Symph3_iii(1-30)_ORCH+REDUC+piano.xml
256,4,38,0.38300000000000001,4,Beethoven_Symph3_iii(1-30)_ORCH+REDUC+piano.xml
256,4,53,0.38300000000000001,4,Beethoven_Symph3_iii(1-30)_ORCH+REDUC+piano.xml
260,4,36,0.38300000000000001,4,Beethoven_Symph3_iii(1-30)_ORCH+REDUC+piano.xml
260,4,51,0.38300000000000001,4,Beethoven_Symph3_iii(1-30)_ORCH+REDUC+piano.xml
264,4,34,0.38300000000000001,4,Beethoven_Symph3_iii(1-30)_ORCH+REDUC+piano.xml
264,4,50,0.38300000000000001,4,Beethoven_Symph3_iii(1-30)_ORCH+REDUC+piano.xml
268,4,38,0.38300000000000001,4,Beethoven_Symph3_iii(1-30)_ORCH+REDUC+piano.xml
268,4,53,0.38300000000000001,4,Beethoven_Symph3_iii(1-30)_ORCH+REDUC+piano.xml
272,4,36,0.38300000000000001,4,Beethoven_Symph3_iii(1-30)_ORCH+REDUC+piano.xml
272,4,51,0.38300000000000001,4,Beethoven_Symph3_iii(1-30)_ORCH+REDUC+piano.xml
276,4,34,0.38300000000000001,4,Beethoven_Symph3_iii(1-30)_ORCH+REDUC+piano.xml
276,8,50,0.38300000000000001,4,Beethoven_Symph3_iii(1-30)_ORCH+REDUC+piano.xml
280,4,46,0.38300000000000001,4,Beethoven_Symph3_iii(1-30)_ORCH+REDUC+piano.xml
280,2,60,0.38300000000000001,4,Beethoven_Symph3_iii(1-30)_ORCH+REDUC+piano.xml
282,2,58,0.38300000000000001,4,Beethoven_Symph3_iii(1-30)_ORCH+REDUC+piano.xml
284,4,48,0.38300000000000001,4,Beethoven_Symph3_iii(1-30)_ORCH+REDUC+piano.xml
284,4,51,0.38300000000000001,4,Beethoven_Symph3_iii(1-30)_ORCH+REDUC+piano.xml
284,2,57,0.38300000000000001,4,Beethoven_Symph3_iii(1-30)_ORCH+REDUC+piano.xml
286,2,55,0.38300000000000001,4,Beethoven_Symph3_iii(1-30)_ORCH+REDUC+piano.xml
288,4,50,0.38300000000000001,4,Beethoven_Symph3_iii(1-30)_ORCH+REDUC+piano.xml
288,4,53,0.38300000000000001,4,Beethoven_Symph3_iii(1-30)_ORCH+REDUC+piano.xml
288,12,65,0.38300000000000001,4,Beethoven_Symph3_iii(1-30)_ORCH+REDUC+piano.xml
292,4,45,0.38300000000000001,4,Beethoven_Symph3_iii(1-30)_ORCH+REDUC+piano.xml
292,4,48,0.38300000000000001,4,Beethoven_Symph3_iii(1-30)_ORCH+REDUC+piano.xml
296,4,47,0.38300000000000001,4,Beethoven_Symph3_iii(1-30)_ORCH+REDUC+piano.xml
296,4,50,0.38300000000000001,4,Beethoven_Symph3_iii(1-30)_ORCH+REDUC+piano.xml
300,4,48,0.38300000000000001,4,Beethoven_Symph3_iii(1-30)_ORCH+REDUC+piano.xml
300,12,51,0.38300000000000001,4,Beethoven_Symph3_iii(1-30)_ORCH+REDUC+piano.xml
300,12,63,0.38300000000000001,4,Beethoven_Symph3_iii(1-30)_ORCH+REDUC+piano.xml
304,4,43,0.38300000000000001,4,Beethoven_Symph3_iii(1-30)_ORCH+REDUC+piano.xml
304,4,46,0.38300000000000001,4,Beethoven_Symph3_iii(1-30)_ORCH+REDUC+piano.xml
308,4,45,0.38300000000000001,4,Beethoven_Symph3_iii(1-30)_ORCH+REDUC+piano.xml
308,4,48,0.38300000000000001,4,Beethoven_Symph3_iii(1-30)_ORCH+REDUC+piano.xml
312,4,46,0.38300000000000001,4,Beethoven_Symph3_iii(1-30)_ORCH+REDUC+piano.xml
312,4,50,0.38300000000000001,4,Beethoven_Symph3_iii(1-30)_ORCH+REDUC+piano.xml
312,4,62,0.38300000000000001,4,Beethoven_Symph3_iii(1-30)_ORCH+REDUC+piano.xml
316,4,41,0.38300000000000001,4,Beethoven_Symph3_iii(1-30)_ORCH+REDUC+piano.xml
316,4,45,0.38300000000000001,4,Beethoven_Symph3_iii(1-30)_ORCH+REDUC+piano.xml
316,4,65,0.38300000000000001,4,Beethoven_Symph3_iii(1-30)_ORCH+REDUC+piano.xml
320,4,43,0.38300000000000001,4,Beethoven_Symph3_iii(1-30)_ORCH+REDUC+piano.xml
320,4,46,0.38300000000000001,4,Beethoven_Symph3_iii(1-30)_ORCH+REDUC+piano.xml
320,4,62,0.38300000000000001,4,Beethoven_Symph3_iii(1-30)_ORCH+REDUC+piano.xml
324,4,39,0.38300000000000001,4,Beethoven_Symph3_iii(1-30)_ORCH+REDUC+piano.xml
324,4,48,0.38300000000000001,4,Beethoven_Symph3_iii(1-30)_ORCH+REDUC+piano.xml
324,4,60,0.38300000000000001,4,Beethoven_Symph3_iii(1-30)_ORCH+REDUC+piano.xml
328,4,36,0.38300000000000001,4,Beethoven_Symph3_iii(1-30)_ORCH+REDUC+piano.xml
328,4,55,0.38300000000000001,4,Beethoven_Symph3_iii(1-30)_ORCH+REDUC+piano.xml
328,4,63,0.38300000000000001,4,Beethoven_Symph3_iii(1-30)_ORCH+REDUC+piano.xml
332,4,41,0.38300000000000001,4,Beethoven_Symph3_iii(1-30)_ORCH+REDUC+piano.xml
332,4,57,0.38300000000000001,4,Beethoven_Symph3_iii(1-30)_ORCH+REDUC+piano.xml
332,4,60,0.38300000000000001,4,Beethoven_Symph3_iii(1-30)_ORCH+REDUC+piano.xml
336,4,34,0.38300000000000001,4,Beethoven_Symph3_iii(1-30)_ORCH+REDUC+piano.xml
336,4,38,0.38300000000000001,4,Beethoven_Symph3_iii(1-30)_ORCH+REDUC+piano.xml
336,4,58,0.38300000000000001,4,Beethoven_Symph3_iii(1-30)_ORCH+REDUC+piano.xml
