t0,dt,pitch,dyn,quantization,filename
8,8,43,0.25800000000000001,4,Beethoven_Symph3_iii(1-30)_ORCH+REDUC+piano.xml
16,4,44,0.25800000000000001,4,Beethoven_Symph3_iii(1-30)_ORCH+REDUC+piano.xml
20,4,43,0.25800000000000001,4,Beethoven_Symph3_iii(1-30)_ORCH+REDUC+piano.xml
24,4,44,0.25800000000000001,4,Beethoven_Symph3_iii(1-30)_ORCH+REDUC+piano.xml
28,4,43,0.25800000000000001,4,Beethoven_Symph3_iii(1-30)_ORCH+REDUC+piano.xml
32,4,44,0.25800000000000001,4,Beethoven_Symph3_iii(1-30)_ORCH+REDUC+piano.xml
36,4,43,0.25800000000000001,4,Beethoven_Symph3_iii(1-30)_ORCH+REDUC+piano.xml
40,4,44,0.25800000000000001,4,Beethoven_Symph3_iii(1-30)_ORCH+REDUC+piano.xml
44,4,43,0.25800000000000001,4,Beethoven_Symph3_iii(1-30)_ORCH+REDUC+piano.xml
48,4,44,0.25800000000000001,4,Beethoven_Symph3_iii(1-30)_ORCH+REDUC+piano.xml
52,4,43,0.25800000000000001,4,Beethoven_Symph3_iii(1-30)_ORCH+REDUC+piano.xml
56,4,44,0.25800000000000001,4,Beethoven_Symph3_iii(1-30)_ORCH+REDUC+piano.xml
60,16,46,0.25800000000000001,4,Beethoven_Symph3_iii(1-30)_ORCH+REDUC+piano.xml
76,4,53,0.25800000000000001,4,Beethoven_Symph3_iii(1-30)_ORCH+REDUC+piano.xml
80,4,51,0.25800000000000001,4,Beethoven_Symph3_iii(1-30)_ORCH+REDUC+piano.xml
84,4,50,0.25800000000000001,4,Beethoven_Symph3_iii(1-30)_ORCH+REDUC+piano.xml
88,4,53,0.25800000000000001,4,Beethoven_Symph3_iii(1-30)_ORCH+REDUC+piano.xml
92,4,51,0.25800000000000001,4,Beethoven_Symph3_iii(1-30)_ORCH+REDUC+piano.xml
96,4,50,0.25800000000000001,4,Beethoven_Symph3_iii(1-30)_ORCH+REDUC+piano.xml
100,4,53,0.25800000000000001,4,Beethoven_Symph3_iii(1-30)_ORCH+REDUC+piano.xml
104,4,51,0.25800000000000001,4,Beethoven_Symph3_iii(1-30)_ORCH+REDUC+piano.xml
108,8,50,0.25800000000000001,4,Beethoven_Symph3_iii(1-30)_ORCH+REDUC+piano.xml
116,4,51,0.25800000000000001,4,Beethoven_Symph3_iii(1-30)_ORCH+REDUC+piano.xml
120,4,53,0.25800000000000001,4,Beethoven_Symph3_iii(1-30)_ORCH+REDUC+piano.xml
124,4,48,0.25800000000000001,4,Beethoven_Symph3_iii(1-30)_ORCH+REDUC+piano.xml
128,4,50,0.25800000000000001,4,Beethoven_Symph3_iii(1-30)_ORCH+REDUC+piano.xml
132,4,51,0.25800000000000001,4,Beethoven_Symph3_iii(1-30)_ORCH+REDUC+piano.xml
136,4,58,0.25800000000000001,4,Beethoven_Symph3_iii(1-30)_ORCH+REDUC+piano.xml
140,4,60,0.25800000000000001,4,Beethoven_Symph3_iii(1-30)_ORCH+REDUC+piano.xml
144,4,62,0.25800000000000001,4,Beethoven_Symph3_iii(1-30)_ORCH+REDUC+piano.xml
148,4,57,0.25800000000000001,4,Beethoven_Symph3_iii(1-30)_ORCH+REDUC+piano.xml
152,4,58,0.25800000000000001,4,Beethoven_Symph3_iii(1-30)_ORCH+REDUC+piano.xml
156,8,55,0.25800000000000001,4,Beethoven_Symph3_iii(1-30)_ORCH+REDUC+piano.xml
164,4,51,0.25800000000000001,4,Beethoven_Symph3_iii(1-30)_ORCH+REDUC+piano.xml
168,4,50,0.25800000000000001,4,Beethoven_Symph3_iii(1-30)_ORCH+REDUC+piano.xml
176,8,43,0.25800000000000001,4,Beethoven_Symph3_iii(1-30)_ORCH+REDUC+piano.xml
184,4,44,0.25800000000000001,4,Beethoven_Symph3_iii(1-30)_ORCH+REDUC+piano.xml
188,4,43,0.25800000000000001,4,Beethoven_Symph3_iii(1-30)_ORCH+REDUC+piano.xml
192,4,44,0.25800000000000001,4,Beethoven_Symph3_iii(1-30)_ORCH+REDUC+piano.xml
196,4,43,0.25800000000000001,4,Beethoven_Symph3_iii(1-30)_ORCH+REDUC+piano.xml
200,4,44,0.25800000000000001,4,Beethoven_Symph3_iii(1-30)_ORCH+REDUC+piano.xml
204,4,43,0.25800000000000001,4,Beethoven_Symph3_iii(1-30)_ORCH+REDUC+piano.xml
208,4,44,0.25800000000000001,4,Beethoven_Symph3_iii(1-30)_ORCH+REDUC+piano.xml
212,4,43,0.25800000000000001,4,Beethoven_Symph3_iii(1-30)_ORCH+REDUC+piano.xml
216,4,44,0.25800000000000001,4,Beethoven_Symph3_iii(1-30)_ORCH+REDUC+piano.xml
220,4,43,0.25800000000000001,4,Beethoven_Symph3_iii(1-30)_ORCH+REDUC+piano.xml
224,20,46,0.25800000000000001,4,Beethoven_Symph3_iii(1-30)_ORCH+REDUC+piano.xml
244,4,53,0.25800000000000001,4,Beethoven_Symph3_iii(1-30)_ORCH+REDUC+piano.xml
248,4,51,0.25800000000000001,4,Beethoven_Symph3_iii(1-30)_ORCH+REDUC+piano.xml
252,4,50,0.25800000000000001,4,Beethoven_Symph3_iii(1-30)_ORCH+REDUC+piano.xml
256,4,65,0.25800000000000001,4,Beethoven_Symph3_iii(1-30)_ORCH+REDUC+piano.xml
260,4,63,0.25800000000000001,4,Beethoven_Symph3_iii(1-30)_ORCH+REDUC+piano.xml
264,4,62,0.25800000000000001,4,Beethoven_Symph3_iii(1-30)_ORCH+REDUC+piano.xml
268,4,65,0.25800000000000001,4,Beethoven_Symph3_iii(1-30)_ORCH+REDUC+piano.xml
272,4,63,0.25800000000000001,4,Beethoven_Symph3_iii(1-30)_ORCH+REDUC+piano.xml
276,8,62,0.25800000000000001,4,Beethoven_Symph3_iii(1-30)_ORCH+REDUC+piano.xml
284,4,63,0.25800000000000001,4,Beethoven_Symph3_iii(1-30)_ORCH+REDUC+piano.xml
288,4,65,0.25800000000000001,4,Beethoven_Symph3_iii(1-30)_ORCH+REDUC+piano.xml
292,4,60,0.25800000000000001,4,Beethoven_Symph3_iii(1-30)_ORCH+REDUC+piano.xml
296,4,62,0.25800000000000001,4,Beethoven_Symph3_iii(1-30)_ORCH+REDUC+piano.xml
300,4,63,0.25800000000000001,4,Beethoven_Symph3_iii(1-30)_ORCH+REDUC+piano.xml
304,4,58,0.25800000000000001,4,Beethoven_Symph3_iii(1-30)_ORCH+REDUC+piano.xml
308,4,60,0.25800000000000001,4,Beethoven_Symph3_iii(1-30)_ORCH+REDUC+piano.xml
312,4,62,0.25800000000000001,4,Beethoven_Symph3_iii(1-30)_ORCH+REDUC+piano.xml
316,4,57,0.25800000000000001,4,Beethoven_Symph3_iii(1-30)_ORCH+REDUC+piano.xml
320,4,58,0.25800000000000001,4,Beethoven_Symph3_iii(1-30)_ORCH+REDUC+piano.xml
324,8,55,0.25800000000000001,4,Beethoven_Symph3_iii(1-30)_ORCH+REDUC+piano.xml
332,4,51,0.25800000000000001,4,Beethoven_Symph3_iii(1-30)_ORCH+REDUC+piano.xml
336,4,50,0.25800000000000001,4,Beethoven_Symph3_iii(1-30)_ORCH+REDUC+piano.xml
