t0,dt,pitch,dyn,quantization,filename
8,8,46,0.25800000000000001,4,Beethoven_Symph3_iii(1-30)_ORCH+REDUC+piano.xml
16,4,48,0.25800000000000001,4,Beethoven_Symph3_iii(1-30)_ORCH+REDUC+piano.xml
20,4,46,0.25800000000000001,4,Beethoven_Symph3_iii(1-30)_ORCH+REDUC+piano.xml
24,4,48,0.25800000000000001,4,Beethoven_Symph3_iii(1-30)_ORCH+REDUC+piano.xml
28,4,46,0.25800000000000001,4,Beethoven_Symph3_iii(1-30)_ORCH+REDUC+piano.xml
32,4,48,0.25800000000000001,4,Beethoven_Symph3_iii(1-30)_ORCH+REDUC+piano.xml
36,4,46,0.25800000000000001,4,Beethoven_Symph3_iii(1-30)_ORCH+REDUC+piano.xml
40,4,48,0.25800000000000001,4,Beethoven_Symph3_iii(1-30)_ORCH+REDUC+piano.xml
44,4,46,0.25800000000000001,4,Beethoven_Symph3_iii(1-30)_ORCH+REDUC+piano.xml
48,4,48,0.25800000000000001,4,Beethoven_Symph3_iii(1-30)_ORCH+REDUC+piano.xml
52,4,46,0.25800000000000001,4,Beethoven_Symph3_iii(1-30)_ORCH+REDUC+piano.xml
56,4,50,0.25800000000000001,4,Beethoven_Symph3_iii(1-30)_ORCH+REDUC+piano.xml
60,4,51,0.25800000000000001,4,Beethoven_Symph3_iii(1-30)_ORCH+REDUC+piano.xml
64,4,53,0.25800000000000001,4,Beethoven_Symph3_iii(1-30)_ORCH+REDUC+piano.xml
68,4,54,0.25800000000000001,4,Beethoven_Symph3_iii(1-30)_ORCH+REDUC+piano.xml
72,4,55,0.25800000000000001,4,Beethoven_Symph3_iii(1-30)_ORCH+REDUC+piano.xml
76,4,56,0.25800000000000001,4,Beethoven_Symph3_iii(1-30)_ORCH+REDUC+piano.xml
80,4,57,0.25800000000000001,4,Beethoven_Symph3_iii(1-30)_ORCH+REDUC+piano.xml
84,28,58,0.25800000000000001,4,Beethoven_Symph3_iii(1-30)_ORCH+REDUC+piano.xml
112,2,60,0.25800000000000001,4,Beethoven_Symph3_iii(1-30)_ORCH+REDUC+piano.xml
114,2,58,0.25800000000000001,4,Beethoven_Symph3_iii(1-30)_ORCH+REDUC+piano.xml
116,2,57,0.25800000000000001,4,Beethoven_Symph3_iii(1-30)_ORCH+REDUC+piano.xml
118,2,55,0.25800000000000001,4,Beethoven_Symph3_iii(1-30)_ORCH+REDUC+piano.xml
120,12,53,0.25800000000000001,4,Beethoven_Symph3_iii(1-30)_ORCH+REDUC+piano.xml
132,12,51,0.25800000000000001,4,Beethoven_Symph3_iii(1-30)_ORCH+REDUC+piano.xml
144,4,50,0.25800000000000001,4,Beethoven_Symph3_iii(1-30)_ORCH+REDUC+piano.xml
148,4,53,0.25800000000000001,4,Beethoven_Symph3_iii(1-30)_ORCH+REDUC+piano.xml
152,4,50,0.25800000000000001,4,Beethoven_Symph3_iii(1-30)_ORCH+REDUC+piano.xml
156,4,48,0.25800000000000001,4,Beethoven_Symph3_iii(1-30)_ORCH+REDUC+piano.xml
160,4,51,0.25800000000000001,4,Beethoven_Symph3_iii(1-30)_ORCH+REDUC+piano.xml
164,4,48,0.25800000000000001,4,Beethoven_Symph3_iii(1-30)_ORCH+REDUC+piano.xml
168,4,46,0.25800000000000001,4,Beethoven_Symph3_iii(1-30)_ORCH+REDUC+piano.xml
176,8,46,0.25800000000000001,4,Beethoven_Symph3_iii(1-30)_ORCH+REDUC+piano.xml
184,4,48,0.25800000000000001,4,Beethoven_Symph3_iii(1-30)_ORCH+REDUC+piano.xml
188,4,46,0.25800000000000001,4,Beethoven_Symph3_iii(1-30)_ORCH+REDUC+piano.xml
192,4,48,0.25800000000000001,4,Beethoven_Symph3_iii(1-30)_ORCH+REDUC+piano.xml
196,4,46,0.25800000000000001,4,Beethoven_Symph3_iii(1-30)_ORCH+REDUC+piano.xml
200,4,48,0.25800000000000001,4,Beethoven_Symph3_iii(1-30)_ORCH+REDUC+piano.xml
204,4,46,0.25800000000000001,4,Beethoven_Symph3_iii(1-30)_ORCH+REDUC+piano.xml
208,4,48,0.25800000000000001,4,Beethoven_Symph3_iii(1-30)_ORCH+REDUC+piano.xml
212,4,46,0.25800000000000001,4,Beethoven_Symph3_iii(1-30)_ORCH+REDUC+piano.xml
216,4,48,0.25800000000000001,4,Beethoven_Symph3_iii(1-30)_ORCH+REDUC+piano.xml
220,4,46,0.25800000000000001,4,Beethoven_Symph3_iii(1-30)_ORCH+REDUC+piano.xml
224,4,50,0.25800000000000001,4,Beethoven_Symph3_iii(1-30)_ORCH+REDUC+piano.xml
228,4,51,0.25800000000000001,4,Beethoven_Symph3_iii(1-30)_ORCH+REDUC+piano.xml
232,4,53,0.25800000000000001,4,Beethoven_Symph3_iii(1-30)_ORCH+REDUC+piano.xml
236,4,54,0.25800000000000001,4,Beethoven_Symph3_iii(1-30)_ORCH+REDUC+piano.xml
240,4,55,0.25800000000000001,4,Beethoven_Symph3_iii(1-30)_ORCH+REDUC+piano.xml
244,4,56,0.25800000000000001,4,Beethoven_Symph3_iii(1-30)_ORCH+REDUC+piano.xml
248,4,57,0.25800000000000001,4,Beethoven_Symph3_iii(1-30)_ORCH+REDUC+piano.xml
252,28,58,0.25800000000000001,4,Beethoven_Symph3_iii(1-30)_ORCH+REDUC+piano.xml
280,2,60,0.25800000000000001,4,Beethoven_Symph3_iii(1-30)_ORCH+REDUC+piano.xml
282,2,58,0.25800000000000001,4,Beethoven_Symph3_iii(1-30)_ORCH+REDUC+piano.xml
284,2,57,0.25800000000000001,4,Beethoven_Symph3_iii(1-30)_ORCH+REDUC+piano.xml
286,2,55,0.25800000000000001,4,Beethoven_Symph3_iii(1-30)_ORCH+REDUC+piano.xml
288,12,53,0.25800000000000001,4,Beethoven_Symph3_iii(1-30)_ORCH+REDUC+piano.xml
300,12,51,0.25800000000000001,4,Beethoven_Symph3_iii(1-30)_ORCH+REDUC+piano.xml
312,4,50,0.25800000000000001,4,Beethoven_Symph3_iii(1-30)_ORCH+REDUC+piano.xml
316,4,53,0.25800000000000001,4,Beethoven_Symph3_iii(1-30)_ORCH+REDUC+piano.xml
320,4,50,0.25800000000000001,4,Beethoven_Symph3_iii(1-30)_ORCH+REDUC+piano.xml
324,4,48,0.25800000000000001,4,Beethoven_Symph3_iii(1-30)_ORCH+REDUC+piano.xml
328,4,51,0.25800000000000001,4,Beethoven_Symph3_iii(1-30)_ORCH+REDUC+piano.xml
332,4,48,0.25800000000000001,4,Beethoven_Symph3_iii(1-30)_ORCH+REDUC+piano.xml
336,4,46,0.25800000000000001,4,Beethoven_Symph3_iii(1-30)_ORCH+REDUC+piano.xml
344,4,46,0.25800000000000001,4,Beethoven_Symph3_iii(1-30)_ORCH+REDUC+piano.xml
