t0,dt,pitch,dyn,quantization,filename
8,48,39,0.25800000000000001,4,Beethoven_Symph3_iii(1-30)_ORCH+REDUC+piano.xml
56,4,41,0.25800000000000001,4,Beethoven_Symph3_iii(1-30)_ORCH+REDUC+piano.xml
60,4,43,0.25800000000000001,4,Beethoven_Symph3_iii(1-30)_ORCH+REDUC+piano.xml
64,4,51,0.25800000000000001,4,Beethoven_Symph3_iii(1-30)_ORCH+REDUC+piano.xml
68,4,50,0.25800000000000001,4,Beethoven_Symph3_iii(1-30)_ORCH+REDUC+piano.xml
72,4,51,0.25800000000000001,4,Beethoven_Symph3_iii(1-30)_ORCH+REDUC+piano.xml
76,4,50,0.25800000000000001,4,Beethoven_Symph3_iii(1-30)_ORCH+REDUC+piano.xml
80,4,48,0.25800000000000001,4,Beethoven_Symph3_iii(1-30)_ORCH+REDUC+piano.xml
84,4,46,0.25800000000000001,4,Beethoven_Symph3_iii(1-30)_ORCH+REDUC+piano.xml
88,4,50,0.25800000000000001,4,Beethoven_Symph3_iii(1-30)_ORCH+REDUC+piano.xml
92,4,48,0.25800000000000001,4,Beethoven_Symph3_iii(1-30)_ORCH+REDUC+piano.xml
96,4,46,0.25800000000000001,4,Beethoven_Symph3_iii(1-30)_ORCH+REDUC+piano.xml
100,4,50,0.25800000000000001,4,Beethoven_Symph3_iii(1-30)_ORCH+REDUC+piano.xml
104,4,48,0.25800000000000001,4,Beethoven_Symph3_iii(1-30)_ORCH+REDUC+piano.xml
108,8,46,0.25800000000000001,4,Beethoven_Symph3_iii(1-30)_ORCH+REDUC+piano.xml
116,4,48,0.25800000000000001,4,Beethoven_Symph3_iii(1-30)_ORCH+REDUC+piano.xml
120,4,50,0.25800000000000001,4,Beethoven_Symph3_iii(1-30)_ORCH+REDUC+piano.xml
124,4,45,0.25800000000000001,4,Beethoven_Symph3_iii(1-30)_ORCH+REDUC+piano.xml
128,4,47,0.25800000000000001,4,Beethoven_Symph3_iii(1-30)_ORCH+REDUC+piano.xml
132,4,48,0.25800000000000001,4,Beethoven_Symph3_iii(1-30)_ORCH+REDUC+piano.xml
136,4,43,0.25800000000000001,4,Beethoven_Symph3_iii(1-30)_ORCH+REDUC+piano.xml
140,4,45,0.25800000000000001,4,Beethoven_Symph3_iii(1-30)_ORCH+REDUC+piano.xml
144,4,46,0.25800000000000001,4,Beethoven_Symph3_iii(1-30)_ORCH+REDUC+piano.xml
148,4,41,0.25800000000000001,4,Beethoven_Symph3_iii(1-30)_ORCH+REDUC+piano.xml
152,4,43,0.25800000000000001,4,Beethoven_Symph3_iii(1-30)_ORCH+REDUC+piano.xml
156,4,39,0.25800000000000001,4,Beethoven_Symph3_iii(1-30)_ORCH+REDUC+piano.xml
160,4,36,0.25800000000000001,4,Beethoven_Symph3_iii(1-30)_ORCH+REDUC+piano.xml
164,4,45,0.25800000000000001,4,Beethoven_Symph3_iii(1-30)_ORCH+REDUC+piano.xml
168,4,46,0.25800000000000001,4,Beethoven_Symph3_iii(1-30)_ORCH+REDUC+piano.xml
176,48,39,0.25800000000000001,4,Beethoven_Symph3_iii(1-30)_ORCH+REDUC+piano.xml
224,4,41,0.25800000000000001,4,Beethoven_Symph3_iii(1-30)_ORCH+REDUC+piano.xml
228,4,43,0.25800000000000001,4,Beethoven_Symph3_iii(1-30)_ORCH+REDUC+piano.xml
232,4,44,0.25800000000000001,4,Beethoven_Symph3_iii(1-30)_ORCH+REDUC+piano.xml
236,4,38,0.25800000000000001,4,Beethoven_Symph3_iii(1-30)_ORCH+REDUC+piano.xml
240,4,39,0.25800000000000001,4,Beethoven_Symph3_iii(1-30)_ORCH+REDUC+piano.xml
244,4,46,0.25800000000000001,4,Beethoven_Symph3_iii(1-30)_ORCH+REDUC+piano.xml
248,4,48,0.25800000000000001,4,Beethoven_Symph3_iii(1-30)_ORCH+REDUC+piano.xml
252,4,50,0.25800000000000001,4,Beethoven_Symph3_iii(1-30)_ORCH+REDUC+piano.xml
256,4,53,0.25800000000000001,4,Beethoven_Symph3_iii(1-30)_ORCH+REDUC+piano.xml
260,4,51,0.25800000000000001,4,Beethoven_Symph3_iii(1-30)_ORCH+REDUC+piano.xml
264,4,50,0.25800000000000001,4,Beethoven_Symph3_iii(1-30)_ORCH+REDUC+piano.xml
268,4,53,0.25800000000000001,4,Beethoven_Symph3_iii(1-30)_ORCH+REDUC+piano.xml
272,4,51,0.25800000000000001,4,Beethoven_Symph3_iii(1-30)_ORCH+REDUC+piano.xml
276,8,50,0.25800000000000001,4,Beethoven_Symph3_iii(1-30)_ORCH+REDUC+piano.xml
284,4,51,0.25800000000000001,4,Beethoven_Symph3_iii(1-30)_ORCH+REDUC+piano.xml
288,4,53,0.25800000000000001,4,Beethoven_Symph3_iii(1-30)_ORCH+REDUC+piano.xml
292,4,48,0.25800000000000001,4,Beethoven_Symph3_iii(1-30)_ORCH+REDUC+piano.xml
296,4,50,0.25800000000000001,4,Beethoven_Symph3_iii(1-30)_ORCH+REDUC+piano.xml
300,4,51,0.25800000000000001,4,Beethoven_Symph3_iii(1-30)_ORCH+REDUC+piano.xml
304,4,46,0.25800000000000001,4,Beethoven_Symph3_iii(1-30)_ORCH+REDUC+piano.xml
308,4,48,0.25800000000000001,4,Beethoven_Symph3_iii(1-30)_ORCH+REDUC+piano.xml
312,4,50,0.25800000000000001,4,Beethoven_Symph3_iii(1-30)_ORCH+REDUC+piano.xml
316,4,45,0.25800000000000001,4,Beethoven_Symph3_iii(1-30)_ORCH+REDUC+piano.xml
320,4,46,0.25800000000000001,4,Beethoven_Symph3_iii(1-30)_ORCH+REDUC+piano.xml
324,8,43,0.25800000000000001,4,Beethoven_Symph3_iii(1-30)_ORCH+REDUC+piano.xml
332,4,45,0.25800000000000001,4,Beethoven_Symph3_iii(1-30)_ORCH+REDUC+piano.xml
336,4,46,0.25800000000000001,4,Beethoven_Symph3_iii(1-30)_ORCH+REDUC+piano.xml
