t0,dt,pitch,dyn,quantization,filename
200,2,51,0.625,4,Moussorgsky_TableauxProm(24 mes)_ORCH+REDUC+piano.xml
200,2,55,0.625,4,Moussorgsky_TableauxProm(24 mes)_ORCH+REDUC+piano.xml
202,2,53,0.625,4,Moussorgsky_TableauxProm(24 mes)_ORCH+REDUC+piano.xml
202,6,58,0.625,4,Moussorgsky_TableauxProm(24 mes)_ORCH+REDUC+piano.xml
204,2,55,0.625,4,Moussorgsky_TableauxProm(24 mes)_ORCH+REDUC+piano.xml
206,2,63,0.625,4,Moussorgsky_TableauxProm(24 mes)_ORCH+REDUC+piano.xml
208,2,56,0.625,4,Moussorgsky_TableauxProm(24 mes)_ORCH+REDUC+piano.xml
208,2,60,0.625,4,Moussorgsky_TableauxProm(24 mes)_ORCH+REDUC+piano.xml
210,2,55,0.625,4,Moussorgsky_TableauxProm(24 mes)_ORCH+REDUC+piano.xml
210,6,58,0.625,4,Moussorgsky_TableauxProm(24 mes)_ORCH+REDUC+piano.xml
212,2,53,0.625,4,Moussorgsky_TableauxProm(24 mes)_ORCH+REDUC+piano.xml
214,2,56,0.625,4,Moussorgsky_TableauxProm(24 mes)_ORCH+REDUC+piano.xml
216,2,55,0.625,4,Moussorgsky_TableauxProm(24 mes)_ORCH+REDUC+piano.xml
216,4,60,0.625,4,Moussorgsky_TableauxProm(24 mes)_ORCH+REDUC+piano.xml
218,2,51,0.625,4,Moussorgsky_TableauxProm(24 mes)_ORCH+REDUC+piano.xml
220,4,53,0.625,4,Moussorgsky_TableauxProm(24 mes)_ORCH+REDUC+piano.xml
220,4,58,0.625,4,Moussorgsky_TableauxProm(24 mes)_ORCH+REDUC+piano.xml
244,1,50,0.625,4,Moussorgsky_TableauxProm(24 mes)_ORCH+REDUC+piano.xml
244,1,62,0.625,4,Moussorgsky_TableauxProm(24 mes)_ORCH+REDUC+piano.xml
245,1,50,0.6293478260869565,4,Moussorgsky_TableauxProm(24 mes)_ORCH+REDUC+piano.xml
245,1,62,0.6293478260869565,4,Moussorgsky_TableauxProm(24 mes)_ORCH+REDUC+piano.xml
246,1,50,0.63369565217391299,4,Moussorgsky_TableauxProm(24 mes)_ORCH+REDUC+piano.xml
246,1,62,0.63369565217391299,4,Moussorgsky_TableauxProm(24 mes)_ORCH+REDUC+piano.xml
247,1,50,0.6380434782608696,4,Moussorgsky_TableauxProm(24 mes)_ORCH+REDUC+piano.xml
247,1,62,0.6380434782608696,4,Moussorgsky_TableauxProm(24 mes)_ORCH+REDUC+piano.xml
248,1,52,0.6423913043478261,4,Moussorgsky_TableauxProm(24 mes)_ORCH+REDUC+piano.xml
248,1,64,0.6423913043478261,4,Moussorgsky_TableauxProm(24 mes)_ORCH+REDUC+piano.xml
249,1,52,0.64673913043478259,4,Moussorgsky_TableauxProm(24 mes)_ORCH+REDUC+piano.xml
249,1,64,0.64673913043478259,4,Moussorgsky_TableauxProm(24 mes)_ORCH+REDUC+piano.xml
250,1,52,0.65108695652173909,4,Moussorgsky_TableauxProm(24 mes)_ORCH+REDUC+piano.xml
250,1,64,0.65108695652173909,4,Moussorgsky_TableauxProm(24 mes)_ORCH+REDUC+piano.xml
251,1,52,0.6554347826086957,4,Moussorgsky_TableauxProm(24 mes)_ORCH+REDUC+piano.xml
251,1,64,0.6554347826086957,4,Moussorgsky_TableauxProm(24 mes)_ORCH+REDUC+piano.xml
252,1,50,0.6597826086956522,4,Moussorgsky_TableauxProm(24 mes)_ORCH+REDUC+piano.xml
252,1,62,0.6597826086956522,4,Moussorgsky_TableauxProm(24 mes)_ORCH+REDUC+piano.xml
253,1,50,0.66413043478260869,4,Moussorgsky_TableauxProm(24 mes)_ORCH+REDUC+piano.xml
253,1,62,0.66413043478260869,4,Moussorgsky_TableauxProm(24 mes)_ORCH+REDUC+piano.xml
254,1,50,0.66847826086956519,4,Moussorgsky_TableauxProm(24 mes)_ORCH+REDUC+piano.xml
254,1,62,0.66847826086956519,4,Moussorgsky_TableauxProm(24 mes)_ORCH+REDUC+piano.xml
255,1,50,0.67282608695652169,4,Moussorgsky_TableauxProm(24 mes)_ORCH+REDUC+piano.xml
255,1,62,0.67282608695652169,4,Moussorgsky_TableauxProm(24 mes)_ORCH+REDUC+piano.xml
256,1,52,0.67717391304347829,4,Moussorgsky_TableauxProm(24 mes)_ORCH+REDUC+piano.xml
256,1,64,0.67717391304347829,4,Moussorgsky_TableauxProm(24 mes)_ORCH+REDUC+piano.xml
257,1,52,0.68152173913043479,4,Moussorgsky_TableauxProm(24 mes)_ORCH+REDUC+piano.xml
257,1,64,0.68152173913043479,4,Moussorgsky_TableauxProm(24 mes)_ORCH+REDUC+piano.xml
258,1,55,0.68586956521739129,4,Moussorgsky_TableauxProm(24 mes)_ORCH+REDUC+piano.xml
258,1,67,0.68586956521739129,4,Moussorgsky_TableauxProm(24 mes)_ORCH+REDUC+piano.xml
259,1,55,0.69021739130434778,4,Moussorgsky_TableauxProm(24 mes)_ORCH+REDUC+piano.xml
259,1,67,0.69021739130434778,4,Moussorgsky_TableauxProm(24 mes)_ORCH+REDUC+piano.xml
260,1,57,0.69456521739130439,4,Moussorgsky_TableauxProm(24 mes)_ORCH+REDUC+piano.xml
260,1,69,0.69456521739130439,4,Moussorgsky_TableauxProm(24 mes)_ORCH+REDUC+piano.xml
261,1,57,0.69891304347826089,4,Moussorgsky_TableauxProm(24 mes)_ORCH+REDUC+piano.xml
261,1,69,0.69891304347826089,4,Moussorgsky_TableauxProm(24 mes)_ORCH+REDUC+piano.xml
262,1,52,0.70326086956521738,4,Moussorgsky_TableauxProm(24 mes)_ORCH+REDUC+piano.xml
262,1,64,0.70326086956521738,4,Moussorgsky_TableauxProm(24 mes)_ORCH+REDUC+piano.xml
263,1,52,0.70760869565217388,4,Moussorgsky_TableauxProm(24 mes)_ORCH+REDUC+piano.xml
263,1,64,0.70760869565217388,4,Moussorgsky_TableauxProm(24 mes)_ORCH+REDUC+piano.xml
264,1,50,0.71195652173913038,4,Moussorgsky_TableauxProm(24 mes)_ORCH+REDUC+piano.xml
264,1,62,0.71195652173913038,4,Moussorgsky_TableauxProm(24 mes)_ORCH+REDUC+piano.xml
265,1,50,0.71630434782608698,4,Moussorgsky_TableauxProm(24 mes)_ORCH+REDUC+piano.xml
265,1,62,0.71630434782608698,4,Moussorgsky_TableauxProm(24 mes)_ORCH+REDUC+piano.xml
266,1,50,0.72065217391304348,4,Moussorgsky_TableauxProm(24 mes)_ORCH+REDUC+piano.xml
266,1,62,0.72065217391304348,4,Moussorgsky_TableauxProm(24 mes)_ORCH+REDUC+piano.xml
267,1,50,0.72499999999999998,4,Moussorgsky_TableauxProm(24 mes)_ORCH+REDUC+piano.xml
267,1,62,0.72499999999999998,4,Moussorgsky_TableauxProm(24 mes)_ORCH+REDUC+piano.xml
268,2,47,0.75,4,Moussorgsky_TableauxProm(24 mes)_ORCH+REDUC+piano.xml
268,2,55,0.75,4,Moussorgsky_TableauxProm(24 mes)_ORCH+REDUC+piano.xml
268,2,67,0.75,4,Moussorgsky_TableauxProm(24 mes)_ORCH+REDUC+piano.xml
270,2,45,0.75,4,Moussorgsky_TableauxProm(24 mes)_ORCH+REDUC+piano.xml
270,2,57,0.75,4,Moussorgsky_TableauxProm(24 mes)_ORCH+REDUC+piano.xml
270,2,69,0.75,4,Moussorgsky_TableauxProm(24 mes)_ORCH+REDUC+piano.xml
272,4,43,0.75,4,Moussorgsky_TableauxProm(24 mes)_ORCH+REDUC+piano.xml
272,2,59,0.75,4,Moussorgsky_TableauxProm(24 mes)_ORCH+REDUC+piano.xml
272,2,71,0.75,4,Moussorgsky_TableauxProm(24 mes)_ORCH+REDUC+piano.xml
274,2,62,0.75,4,Moussorgsky_TableauxProm(24 mes)_ORCH+REDUC+piano.xml
274,2,74,0.75,4,Moussorgsky_TableauxProm(24 mes)_ORCH+REDUC+piano.xml
276,2,45,0.75,4,Moussorgsky_TableauxProm(24 mes)_ORCH+REDUC+piano.xml
276,2,60,0.75,4,Moussorgsky_TableauxProm(24 mes)_ORCH+REDUC+piano.xml
276,2,72,0.75,4,Moussorgsky_TableauxProm(24 mes)_ORCH+REDUC+piano.xml
278,2,47,0.75,4,Moussorgsky_TableauxProm(24 mes)_ORCH+REDUC+piano.xml
278,2,59,0.75,4,Moussorgsky_TableauxProm(24 mes)_ORCH+REDUC+piano.xml
278,2,71,0.75,4,Moussorgsky_TableauxProm(24 mes)_ORCH+REDUC+piano.xml
280,4,50,0.75,4,Moussorgsky_TableauxProm(24 mes)_ORCH+REDUC+piano.xml
280,2,57,0.75,4,Moussorgsky_TableauxProm(24 mes)_ORCH+REDUC+piano.xml
280,2,69,0.75,4,Moussorgsky_TableauxProm(24 mes)_ORCH+REDUC+piano.xml
282,2,60,0.75,4,Moussorgsky_TableauxProm(24 mes)_ORCH+REDUC+piano.xml
282,2,72,0.75,4,Moussorgsky_TableauxProm(24 mes)_ORCH+REDUC+piano.xml
284,4,52,0.75,4,Moussorgsky_TableauxProm(24 mes)_ORCH+REDUC+piano.xml
284,2,59,0.75,4,Moussorgsky_TableauxProm(24 mes)_ORCH+REDUC+piano.xml
284,2,71,0.75,4,Moussorgsky_TableauxProm(24 mes)_ORCH+REDUC+piano.xml
286,2,55,0.75,4,Moussorgsky_TableauxProm(24 mes)_ORCH+REDUC+piano.xml
286,2,67,0.75,4,Moussorgsky_TableauxProm(24 mes)_ORCH+REDUC+piano.xml
288,4,50,0.75,4,Moussorgsky_TableauxProm(24 mes)_ORCH+REDUC+piano.xml
288,4,57,0.75,4,Moussorgsky_TableauxProm(24 mes)_ORCH+REDUC+piano.xml
288,4,69,0.75,4,Moussorgsky_TableauxProm(24 mes)_ORCH+REDUC+piano.xml
292,4,59,0.625,4,Moussorgsky_TableauxProm(24 mes)_ORCH+REDUC+piano.xml
292,2,71,0.625,4,Moussorgsky_TableauxProm(24 mes)_ORCH+REDUC+piano.xml
294,2,66,0.625,4,Moussorgsky_TableauxProm(24 mes)_ORCH+REDUC+piano.xml
296,8,55,0.625,4,Moussorgsky_TableauxProm(24 mes)_ORCH+REDUC+piano.xml
296,4,60,0.625,4,Moussorgsky_TableauxProm(24 mes)_ORCH+REDUC+piano.xml
296,4,67,0.625,4,Moussorgsky_TableauxProm(24 mes)_ORCH+REDUC+piano.xml
300,4,59,0.625,4,Moussorgsky_TableauxProm(24 mes)_ORCH+REDUC+piano.xml
300,4,71,0.625,4,Moussorgsky_TableauxProm(24 mes)_ORCH+REDUC+piano.xml
304,4,54,0.625,4,Moussorgsky_TableauxProm(24 mes)_ORCH+REDUC+piano.xml
304,4,57,0.625,4,Moussorgsky_TableauxProm(24 mes)_ORCH+REDUC+piano.xml
304,4,64,0.625,4,Moussorgsky_TableauxProm(24 mes)_ORCH+REDUC+piano.xml
316,4,52,0.38300000000000001,4,Moussorgsky_TableauxProm(24 mes)_ORCH+REDUC+piano.xml
316,16,55,0.38300000000000001,4,Moussorgsky_TableauxProm(24 mes)_ORCH+REDUC+piano.xml
316,2,67,0.38300000000000001,4,Moussorgsky_TableauxProm(24 mes)_ORCH+REDUC+piano.xml
318,2,62,0.38300000000000001,4,Moussorgsky_TableauxProm(24 mes)_ORCH+REDUC+piano.xml
320,4,57,0.38300000000000001,4,Moussorgsky_TableauxProm(24 mes)_ORCH+REDUC+piano.xml
320,4,64,0.38300000000000001,4,Moussorgsky_TableauxProm(24 mes)_ORCH+REDUC+piano.xml
324,4,52,0.38300000000000001,4,Moussorgsky_TableauxProm(24 mes)_ORCH+REDUC+piano.xml
324,4,67,0.38300000000000001,4,Moussorgsky_TableauxProm(24 mes)_ORCH+REDUC+piano.xml
328,4,57,0.38300000000000001,4,Moussorgsky_TableauxProm(24 mes)_ORCH+REDUC+piano.xml
328,4,64,0.38300000000000001,4,Moussorgsky_TableauxProm(24 mes)_ORCH+REDUC+piano.xml
364,4,50,0.75,4,Moussorgsky_TableauxProm(24 mes)_ORCH+REDUC+piano.xml
364,4,54,0.75,4,Moussorgsky_TableauxProm(24 mes)_ORCH+REDUC+piano.xml
364,5,62,0.75,4,Moussorgsky_TableauxProm(24 mes)_ORCH+REDUC+piano.xml
368,1,55,0.75,4,Moussorgsky_TableauxProm(24 mes)_ORCH+REDUC+piano.xml
368,1,59,0.75,4,Moussorgsky_TableauxProm(24 mes)_ORCH+REDUC+piano.xml
369,1,55,0.7857142857142857,4,Moussorgsky_TableauxProm(24 mes)_ORCH+REDUC+piano.xml
369,1,59,0.7857142857142857,4,Moussorgsky_TableauxProm(24 mes)_ORCH+REDUC+piano.xml
369,1,62,0.7857142857142857,4,Moussorgsky_TableauxProm(24 mes)_ORCH+REDUC+piano.xml
370,1,55,0.8214285714285714,4,Moussorgsky_TableauxProm(24 mes)_ORCH+REDUC+piano.xml
370,1,59,0.8214285714285714,4,Moussorgsky_TableauxProm(24 mes)_ORCH+REDUC+piano.xml
370,1,62,0.8214285714285714,4,Moussorgsky_TableauxProm(24 mes)_ORCH+REDUC+piano.xml
371,1,55,0.8571428571428571,4,Moussorgsky_TableauxProm(24 mes)_ORCH+REDUC+piano.xml
371,1,59,0.8571428571428571,4,Moussorgsky_TableauxProm(24 mes)_ORCH+REDUC+piano.xml
371,1,62,0.8571428571428571,4,Moussorgsky_TableauxProm(24 mes)_ORCH+REDUC+piano.xml
372,1,50,0.89285714285714279,4,Moussorgsky_TableauxProm(24 mes)_ORCH+REDUC+piano.xml
372,1,54,0.89285714285714279,4,Moussorgsky_TableauxProm(24 mes)_ORCH+REDUC+piano.xml
372,1,62,0.89285714285714279,4,Moussorgsky_TableauxProm(24 mes)_ORCH+REDUC+piano.xml
373,1,50,0.9285714285714286,4,Moussorgsky_TableauxProm(24 mes)_ORCH+REDUC+piano.xml
373,1,54,0.9285714285714286,4,Moussorgsky_TableauxProm(24 mes)_ORCH+REDUC+piano.xml
373,1,62,0.9285714285714286,4,Moussorgsky_TableauxProm(24 mes)_ORCH+REDUC+piano.xml
374,1,50,0.9642857142857143,4,Moussorgsky_TableauxProm(24 mes)_ORCH+REDUC+piano.xml
374,1,54,0.9642857142857143,4,Moussorgsky_TableauxProm(24 mes)_ORCH+REDUC+piano.xml
374,1,62,0.9642857142857143,4,Moussorgsky_TableauxProm(24 mes)_ORCH+REDUC+piano.xml
375,1,50,1.0,4,Moussorgsky_TableauxProm(24 mes)_ORCH+REDUC+piano.xml
375,1,54,1.0,4,Moussorgsky_TableauxProm(24 mes)_ORCH+REDUC+piano.xml
375,1,62,1.0,4,Moussorgsky_TableauxProm(24 mes)_ORCH+REDUC+piano.xml
376,4,55,0.84999999999999998,4,Moussorgsky_TableauxProm(24 mes)_ORCH+REDUC+piano.xml
376,4,67,0.84999999999999998,4,Moussorgsky_TableauxProm(24 mes)_ORCH+REDUC+piano.xml
380,4,57,0.84999999999999998,4,Moussorgsky_TableauxProm(24 mes)_ORCH+REDUC+piano.xml
380,2,65,0.84999999999999998,4,Moussorgsky_TableauxProm(24 mes)_ORCH+REDUC+piano.xml
382,2,64,0.84999999999999998,4,Moussorgsky_TableauxProm(24 mes)_ORCH+REDUC+piano.xml
384,2,55,0.84999999999999998,4,Moussorgsky_TableauxProm(24 mes)_ORCH+REDUC+piano.xml
384,2,62,0.84999999999999998,4,Moussorgsky_TableauxProm(24 mes)_ORCH+REDUC+piano.xml
386,2,52,0.84999999999999998,4,Moussorgsky_TableauxProm(24 mes)_ORCH+REDUC+piano.xml
386,2,60,0.84999999999999998,4,Moussorgsky_TableauxProm(24 mes)_ORCH+REDUC+piano.xml
388,4,50,0.84999999999999998,4,Moussorgsky_TableauxProm(24 mes)_ORCH+REDUC+piano.xml
388,4,62,0.84999999999999998,4,Moussorgsky_TableauxProm(24 mes)_ORCH+REDUC+piano.xml
392,4,52,0.84999999999999998,4,Moussorgsky_TableauxProm(24 mes)_ORCH+REDUC+piano.xml
392,4,64,0.84999999999999998,4,Moussorgsky_TableauxProm(24 mes)_ORCH+REDUC+piano.xml
396,4,59,0.84999999999999998,4,Moussorgsky_TableauxProm(24 mes)_ORCH+REDUC+piano.xml
396,4,67,0.84999999999999998,4,Moussorgsky_TableauxProm(24 mes)_ORCH+REDUC+piano.xml
400,4,57,0.84999999999999998,4,Moussorgsky_TableauxProm(24 mes)_ORCH+REDUC+piano.xml
400,4,60,0.84999999999999998,4,Moussorgsky_TableauxProm(24 mes)_ORCH+REDUC+piano.xml
404,4,55,0.84999999999999998,4,Moussorgsky_TableauxProm(24 mes)_ORCH+REDUC+piano.xml
404,4,67,0.84999999999999998,4,Moussorgsky_TableauxProm(24 mes)_ORCH+REDUC+piano.xml
408,4,57,0.84999999999999998,4,Moussorgsky_TableauxProm(24 mes)_ORCH+REDUC+piano.xml
408,4,69,0.84999999999999998,4,Moussorgsky_TableauxProm(24 mes)_ORCH+REDUC+piano.xml
412,4,55,0.84999999999999998,4,Moussorgsky_TableauxProm(24 mes)_ORCH+REDUC+piano.xml
412,4,67,0.84999999999999998,4,Moussorgsky_TableauxProm(24 mes)_ORCH+REDUC+piano.xml
416,4,57,0.84999999999999998,4,Moussorgsky_TableauxProm(24 mes)_ORCH+REDUC+piano.xml
416,2,65,0.84999999999999998,4,Moussorgsky_TableauxProm(24 mes)_ORCH+REDUC+piano.xml
418,2,64,0.84999999999999998,4,Moussorgsky_TableauxProm(24 mes)_ORCH+REDUC+piano.xml
420,2,55,0.84999999999999998,4,Moussorgsky_TableauxProm(24 mes)_ORCH+REDUC+piano.xml
420,2,62,0.84999999999999998,4,Moussorgsky_TableauxProm(24 mes)_ORCH+REDUC+piano.xml
422,2,52,0.84999999999999998,4,Moussorgsky_TableauxProm(24 mes)_ORCH+REDUC+piano.xml
422,2,60,0.84999999999999998,4,Moussorgsky_TableauxProm(24 mes)_ORCH+REDUC+piano.xml
424,4,50,0.84999999999999998,4,Moussorgsky_TableauxProm(24 mes)_ORCH+REDUC+piano.xml
424,4,62,0.84999999999999998,4,Moussorgsky_TableauxProm(24 mes)_ORCH+REDUC+piano.xml
428,4,52,0.84999999999999998,4,Moussorgsky_TableauxProm(24 mes)_ORCH+REDUC+piano.xml
428,4,64,0.84999999999999998,4,Moussorgsky_TableauxProm(24 mes)_ORCH+REDUC+piano.xml
432,4,59,0.84999999999999998,4,Moussorgsky_TableauxProm(24 mes)_ORCH+REDUC+piano.xml
432,4,67,0.84999999999999998,4,Moussorgsky_TableauxProm(24 mes)_ORCH+REDUC+piano.xml
436,4,45,0.84999999999999998,4,Moussorgsky_TableauxProm(24 mes)_ORCH+REDUC+piano.xml
436,4,60,0.84999999999999998,4,Moussorgsky_TableauxProm(24 mes)_ORCH+REDUC+piano.xml
436,2,69,0.84999999999999998,4,Moussorgsky_TableauxProm(24 mes)_ORCH+REDUC+piano.xml
438,2,72,0.84999999999999998,4,Moussorgsky_TableauxProm(24 mes)_ORCH+REDUC+piano.xml
440,4,43,0.84999999999999998,4,Moussorgsky_TableauxProm(24 mes)_ORCH+REDUC+piano.xml
440,4,67,0.84999999999999998,4,Moussorgsky_TableauxProm(24 mes)_ORCH+REDUC+piano.xml
444,4,45,0.84999999999999998,4,Moussorgsky_TableauxProm(24 mes)_ORCH+REDUC+piano.xml
444,4,69,0.84999999999999998,4,Moussorgsky_TableauxProm(24 mes)_ORCH+REDUC+piano.xml
448,4,43,0.84999999999999998,4,Moussorgsky_TableauxProm(24 mes)_ORCH+REDUC+piano.xml
448,4,67,0.84999999999999998,4,Moussorgsky_TableauxProm(24 mes)_ORCH+REDUC+piano.xml
460,4,50,0.84999999999999998,4,Moussorgsky_TableauxProm(24 mes)_ORCH+REDUC+piano.xml
460,4,60,0.84999999999999998,4,Moussorgsky_TableauxProm(24 mes)_ORCH+REDUC+piano.xml
460,2,69,0.84999999999999998,4,Moussorgsky_TableauxProm(24 mes)_ORCH+REDUC+piano.xml
462,2,72,0.84999999999999998,4,Moussorgsky_TableauxProm(24 mes)_ORCH+REDUC+piano.xml
464,4,43,0.84999999999999998,4,Moussorgsky_TableauxProm(24 mes)_ORCH+REDUC+piano.xml
464,4,67,0.84999999999999998,4,Moussorgsky_TableauxProm(24 mes)_ORCH+REDUC+piano.xml
468,4,45,0.84999999999999998,4,Moussorgsky_TableauxProm(24 mes)_ORCH+REDUC+piano.xml
468,4,69,0.84999999999999998,4,Moussorgsky_TableauxProm(24 mes)_ORCH+REDUC+piano.xml
472,4,43,0.84999999999999998,4,Moussorgsky_TableauxProm(24 mes)_ORCH+REDUC+piano.xml
472,4,67,0.84999999999999998,4,Moussorgsky_TableauxProm(24 mes)_ORCH+REDUC+piano.xml
520,4,57,0.84999999999999998,4,Moussorgsky_TableauxProm(24 mes)_ORCH+REDUC+piano.xml
520,4,60,0.38300000000000001,4,Moussorgsky_TableauxProm(24 mes)_ORCH+REDUC+piano.xml
520,4,69,0.84999999999999998,4,Moussorgsky_TableauxProm(24 mes)_ORCH+REDUC+piano.xml
524,4,55,0.84999999999999998,4,Moussorgsky_TableauxProm(24 mes)_ORCH+REDUC+piano.xml
524,4,59,0.38300000000000001,4,Moussorgsky_TableauxProm(24 mes)_ORCH+REDUC+piano.xml
524,4,67,0.84999999999999998,4,Moussorgsky_TableauxProm(24 mes)_ORCH+REDUC+piano.xml
528,4,60,0.84999999999999998,4,Moussorgsky_TableauxProm(24 mes)_ORCH+REDUC+piano.xml
528,4,64,0.38300000000000001,4,Moussorgsky_TableauxProm(24 mes)_ORCH+REDUC+piano.xml
528,4,72,0.84999999999999998,4,Moussorgsky_TableauxProm(24 mes)_ORCH+REDUC+piano.xml
532,2,62,0.84999999999999998,4,Moussorgsky_TableauxProm(24 mes)_ORCH+REDUC+piano.xml
532,2,67,0.38300000000000001,4,Moussorgsky_TableauxProm(24 mes)_ORCH+REDUC+piano.xml
532,2,74,0.84999999999999998,4,Moussorgsky_TableauxProm(24 mes)_ORCH+REDUC+piano.xml
534,2,67,0.84999999999999998,4,Moussorgsky_TableauxProm(24 mes)_ORCH+REDUC+piano.xml
534,2,79,0.84999999999999998,4,Moussorgsky_TableauxProm(24 mes)_ORCH+REDUC+piano.xml
536,4,64,0.84999999999999998,4,Moussorgsky_TableauxProm(24 mes)_ORCH+REDUC+piano.xml
536,4,67,0.38300000000000001,4,Moussorgsky_TableauxProm(24 mes)_ORCH+REDUC+piano.xml
536,4,76,0.84999999999999998,4,Moussorgsky_TableauxProm(24 mes)_ORCH+REDUC+piano.xml
540,4,60,0.84999999999999998,4,Moussorgsky_TableauxProm(24 mes)_ORCH+REDUC+piano.xml
540,4,64,0.38300000000000001,4,Moussorgsky_TableauxProm(24 mes)_ORCH+REDUC+piano.xml
540,4,72,0.84999999999999998,4,Moussorgsky_TableauxProm(24 mes)_ORCH+REDUC+piano.xml
544,4,65,0.84999999999999998,4,Moussorgsky_TableauxProm(24 mes)_ORCH+REDUC+piano.xml
544,4,69,0.38300000000000001,4,Moussorgsky_TableauxProm(24 mes)_ORCH+REDUC+piano.xml
544,4,77,0.84999999999999998,4,Moussorgsky_TableauxProm(24 mes)_ORCH+REDUC+piano.xml
548,4,62,0.84999999999999998,4,Moussorgsky_TableauxProm(24 mes)_ORCH+REDUC+piano.xml
548,4,67,0.38300000000000001,4,Moussorgsky_TableauxProm(24 mes)_ORCH+REDUC+piano.xml
548,4,74,0.84999999999999998,4,Moussorgsky_TableauxProm(24 mes)_ORCH+REDUC+piano.xml
552,4,60,0.84999999999999998,4,Moussorgsky_TableauxProm(24 mes)_ORCH+REDUC+piano.xml
552,4,64,0.38300000000000001,4,Moussorgsky_TableauxProm(24 mes)_ORCH+REDUC+piano.xml
552,4,72,0.84999999999999998,4,Moussorgsky_TableauxProm(24 mes)_ORCH+REDUC+piano.xml
