t0,dt,pitch,dyn,quantization,filename
6,6,51,0.75,4,Berlioz_Fantastique_v_Choral(205-215)_Brass+piano.xml
6,6,55,0.75,4,Berlioz_Fantastique_v_Choral(205-215)_Brass+piano.xml
6,6,63,0.75,4,Berlioz_Fantastique_v_Choral(205-215)_Brass+piano.xml
12,6,50,0.75,4,Berlioz_Fantastique_v_Choral(205-215)_Brass+piano.xml
12,6,53,0.75,4,Berlioz_Fantastique_v_Choral(205-215)_Brass+piano.xml
18,12,51,0.75,4,Berlioz_Fantastique_v_Choral(205-215)_Brass+piano.xml
18,6,55,0.75,4,Berlioz_Fantastique_v_Choral(205-215)_Brass+piano.xml
18,6,63,0.75,4,Berlioz_Fantastique_v_Choral(205-215)_Brass+piano.xml
24,6,48,0.75,4,Berlioz_Fantastique_v_Choral(205-215)_Brass+piano.xml
30,12,50,0.75,4,Berlioz_Fantastique_v_Choral(205-215)_Brass+piano.xml
30,6,53,0.75,4,Berlioz_Fantastique_v_Choral(205-215)_Brass+piano.xml
36,6,46,0.75,4,Berlioz_Fantastique_v_Choral(205-215)_Brass+piano.xml
42,12,48,0.75,4,Berlioz_Fantastique_v_Choral(205-215)_Brass+piano.xml
42,18,51,0.75,4,Berlioz_Fantastique_v_Choral(205-215)_Brass+piano.xml
42,12,63,0.75,4,Berlioz_Fantastique_v_Choral(205-215)_Brass+piano.xml
54,6,55,0.75,4,Berlioz_Fantastique_v_Choral(205-215)_Brass+piano.xml
60,6,50,0.75,4,Berlioz_Fantastique_v_Choral(205-215)_Brass+piano.xml
60,12,53,0.75,4,Berlioz_Fantastique_v_Choral(205-215)_Brass+piano.xml
60,12,65,0.75,4,Berlioz_Fantastique_v_Choral(205-215)_Brass+piano.xml
66,6,56,0.75,4,Berlioz_Fantastique_v_Choral(205-215)_Brass+piano.xml
72,12,55,0.75,4,Berlioz_Fantastique_v_Choral(205-215)_Brass+piano.xml
72,6,67,0.75,4,Berlioz_Fantastique_v_Choral(205-215)_Brass+piano.xml
78,6,51,0.75,4,Berlioz_Fantastique_v_Choral(205-215)_Brass+piano.xml
78,6,63,0.75,4,Berlioz_Fantastique_v_Choral(205-215)_Brass+piano.xml
84,6,50,0.75,4,Berlioz_Fantastique_v_Choral(205-215)_Brass+piano.xml
84,6,53,0.75,4,Berlioz_Fantastique_v_Choral(205-215)_Brass+piano.xml
90,6,48,0.75,4,Berlioz_Fantastique_v_Choral(205-215)_Brass+piano.xml
90,6,51,0.75,4,Berlioz_Fantastique_v_Choral(205-215)_Brass+piano.xml
90,6,63,0.75,4,Berlioz_Fantastique_v_Choral(205-215)_Brass+piano.xml
96,6,46,0.75,4,Berlioz_Fantastique_v_Choral(205-215)_Brass+piano.xml
96,6,50,0.75,4,Berlioz_Fantastique_v_Choral(205-215)_Brass+piano.xml
102,6,51,0.75,4,Berlioz_Fantastique_v_Choral(205-215)_Brass+piano.xml
102,6,55,0.75,4,Berlioz_Fantastique_v_Choral(205-215)_Brass+piano.xml
102,6,63,0.75,4,Berlioz_Fantastique_v_Choral(205-215)_Brass+piano.xml
108,10,50,0.75,4,Berlioz_Fantastique_v_Choral(205-215)_Brass+piano.xml
108,10,53,0.75,4,Berlioz_Fantastique_v_Choral(205-215)_Brass+piano.xml
108,10,65,0.75,4,Berlioz_Fantastique_v_Choral(205-215)_Brass+piano.xml
118,8,51,0.75,4,Berlioz_Fantastique_v_Choral(205-215)_Brass+piano.xml
118,8,55,0.75,4,Berlioz_Fantastique_v_Choral(205-215)_Brass+piano.xml
118,8,63,0.75,4,Berlioz_Fantastique_v_Choral(205-215)_Brass+piano.xml
