t0,dt,pitch,dyn,quantization,filename
6,6,39,0.75,4,Berlioz_Fantastique_v_Choral(205-215)_Brass+piano.xml
6,6,43,0.75,4,Berlioz_Fantastique_v_Choral(205-215)_Brass+piano.xml
6,6,48,0.75,4,Berlioz_Fantastique_v_Choral(205-215)_Brass+piano.xml
6,6,51,0.75,4,Berlioz_Fantastique_v_Choral(205-215)_Brass+piano.xml
6,6,60,0.75,4,Berlioz_Fantastique_v_Choral(205-215)_Brass+piano.xml
12,6,38,0.75,4,Berlioz_Fantastique_v_Choral(205-215)_Brass+piano.xml
12,6,41,0.75,4,Berlioz_Fantastique_v_Choral(205-215)_Brass+piano.xml
12,6,50,0.75,4,Berlioz_Fantastique_v_Choral(205-215)_Brass+piano.xml
18,12,39,0.75,4,Berlioz_Fantastique_v_Choral(205-215)_Brass+piano.xml
18,6,43,0.75,4,Berlioz_Fantastique_v_Choral(205-215)_Brass+piano.xml
18,12,48,0.75,4,Berlioz_Fantastique_v_Choral(205-215)_Brass+piano.xml
18,6,51,0.75,4,Berlioz_Fantastique_v_Choral(205-215)_Brass+piano.xml
18,6,60,0.75,4,Berlioz_Fantastique_v_Choral(205-215)_Brass+piano.xml
24,6,36,0.75,4,Berlioz_Fantastique_v_Choral(205-215)_Brass+piano.xml
30,12,38,0.75,4,Berlioz_Fantastique_v_Choral(205-215)_Brass+piano.xml
30,6,41,0.75,4,Berlioz_Fantastique_v_Choral(205-215)_Brass+piano.xml
30,6,50,0.75,4,Berlioz_Fantastique_v_Choral(205-215)_Brass+piano.xml
36,6,34,0.75,4,Berlioz_Fantastique_v_Choral(205-215)_Brass+piano.xml
36,6,46,0.75,4,Berlioz_Fantastique_v_Choral(205-215)_Brass+piano.xml
42,12,36,0.75,4,Berlioz_Fantastique_v_Choral(205-215)_Brass+piano.xml
42,18,39,0.75,4,Berlioz_Fantastique_v_Choral(205-215)_Brass+piano.xml
42,12,48,0.75,4,Berlioz_Fantastique_v_Choral(205-215)_Brass+piano.xml
42,12,60,0.75,4,Berlioz_Fantastique_v_Choral(205-215)_Brass+piano.xml
54,6,43,0.75,4,Berlioz_Fantastique_v_Choral(205-215)_Brass+piano.xml
54,6,51,0.75,4,Berlioz_Fantastique_v_Choral(205-215)_Brass+piano.xml
60,6,38,0.75,4,Berlioz_Fantastique_v_Choral(205-215)_Brass+piano.xml
60,12,41,0.75,4,Berlioz_Fantastique_v_Choral(205-215)_Brass+piano.xml
60,6,50,0.75,4,Berlioz_Fantastique_v_Choral(205-215)_Brass+piano.xml
60,12,62,0.75,4,Berlioz_Fantastique_v_Choral(205-215)_Brass+piano.xml
66,6,44,0.75,4,Berlioz_Fantastique_v_Choral(205-215)_Brass+piano.xml
66,6,53,0.75,4,Berlioz_Fantastique_v_Choral(205-215)_Brass+piano.xml
72,12,43,0.75,4,Berlioz_Fantastique_v_Choral(205-215)_Brass+piano.xml
72,6,55,0.75,4,Berlioz_Fantastique_v_Choral(205-215)_Brass+piano.xml
72,6,64,0.75,4,Berlioz_Fantastique_v_Choral(205-215)_Brass+piano.xml
78,6,39,0.75,4,Berlioz_Fantastique_v_Choral(205-215)_Brass+piano.xml
78,6,48,0.75,4,Berlioz_Fantastique_v_Choral(205-215)_Brass+piano.xml
78,6,51,0.75,4,Berlioz_Fantastique_v_Choral(205-215)_Brass+piano.xml
78,6,60,0.75,4,Berlioz_Fantastique_v_Choral(205-215)_Brass+piano.xml
84,6,38,0.75,4,Berlioz_Fantastique_v_Choral(205-215)_Brass+piano.xml
84,6,41,0.75,4,Berlioz_Fantastique_v_Choral(205-215)_Brass+piano.xml
84,6,50,0.75,4,Berlioz_Fantastique_v_Choral(205-215)_Brass+piano.xml
90,6,36,0.75,4,Berlioz_Fantastique_v_Choral(205-215)_Brass+piano.xml
90,6,39,0.75,4,Berlioz_Fantastique_v_Choral(205-215)_Brass+piano.xml
90,6,48,0.75,4,Berlioz_Fantastique_v_Choral(205-215)_Brass+piano.xml
90,6,60,0.75,4,Berlioz_Fantastique_v_Choral(205-215)_Brass+piano.xml
96,6,34,0.75,4,Berlioz_Fantastique_v_Choral(205-215)_Brass+piano.xml
96,6,38,0.75,4,Berlioz_Fantastique_v_Choral(205-215)_Brass+piano.xml
96,6,46,0.75,4,Berlioz_Fantastique_v_Choral(205-215)_Brass+piano.xml
102,6,39,0.75,4,Berlioz_Fantastique_v_Choral(205-215)_Brass+piano.xml
102,6,43,0.75,4,Berlioz_Fantastique_v_Choral(205-215)_Brass+piano.xml
102,6,48,0.75,4,Berlioz_Fantastique_v_Choral(205-215)_Brass+piano.xml
102,6,51,0.75,4,Berlioz_Fantastique_v_Choral(205-215)_Brass+piano.xml
102,6,60,0.75,4,Berlioz_Fantastique_v_Choral(205-215)_Brass+piano.xml
108,10,38,0.75,4,Berlioz_Fantastique_v_Choral(205-215)_Brass+piano.xml
108,10,41,0.75,4,Berlioz_Fantastique_v_Choral(205-215)_Brass+piano.xml
108,10,50,0.75,4,Berlioz_Fantastique_v_Choral(205-215)_Brass+piano.xml
108,10,62,0.75,4,Berlioz_Fantastique_v_Choral(205-215)_Brass+piano.xml
118,8,36,0.75,4,Berlioz_Fantastique_v_Choral(205-215)_Brass+piano.xml
118,8,39,0.75,4,Berlioz_Fantastique_v_Choral(205-215)_Brass+piano.xml
118,8,48,0.75,4,Berlioz_Fantastique_v_Choral(205-215)_Brass+piano.xml
118,8,60,0.75,4,Berlioz_Fantastique_v_Choral(205-215)_Brass+piano.xml
