t0,dt,pitch,dyn,quantization,filename
6,6,51,0.75,4,Berlioz_Fantastique_v_Choral(205-215)_Brass+piano.xml
6,6,63,0.75,4,Berlioz_Fantastique_v_Choral(205-215)_Brass+piano.xml
18,6,51,0.75,4,Berlioz_Fantastique_v_Choral(205-215)_Brass+piano.xml
18,6,63,0.75,4,Berlioz_Fantastique_v_Choral(205-215)_Brass+piano.xml
42,12,51,0.75,4,Berlioz_Fantastique_v_Choral(205-215)_Brass+piano.xml
42,12,63,0.75,4,Berlioz_Fantastique_v_Choral(205-215)_Brass+piano.xml
60,12,65,0.75,4,Berlioz_Fantastique_v_Choral(205-215)_Brass+piano.xml
72,6,67,0.75,4,Berlioz_Fantastique_v_Choral(205-215)_Brass+piano.xml
78,6,51,0.75,4,Berlioz_Fantastique_v_Choral(205-215)_Brass+piano.xml
78,6,63,0.75,4,Berlioz_Fantastique_v_Choral(205-215)_Brass+piano.xml
90,6,51,0.75,4,Berlioz_Fantastique_v_Choral(205-215)_Brass+piano.xml
90,6,63,0.75,4,Berlioz_Fantastique_v_Choral(205-215)_Brass+piano.xml
102,6,51,0.75,4,Berlioz_Fantastique_v_Choral(205-215)_Brass+piano.xml
102,6,63,0.75,4,Berlioz_Fantastique_v_Choral(205-215)_Brass+piano.xml
108,10,65,0.75,4,Berlioz_Fantastique_v_Choral(205-215)_Brass+piano.xml
118,8,51,0.75,4,Berlioz_Fantastique_v_Choral(205-215)_Brass+piano.xml
118,8,63,0.75,4,Berlioz_Fantastique_v_Choral(205-215)_Brass+piano.xml
