t0,dt,pitch,dyn,quantization,filename
200,2,29,0.625,4,Moussorgsky_TableauxProm(24 mes)_ORCH+REDUC+piano.xml
200,2,41,0.625,4,Moussorgsky_TableauxProm(24 mes)_ORCH+REDUC+piano.xml
202,2,27,0.625,4,Moussorgsky_TableauxProm(24 mes)_ORCH+REDUC+piano.xml
202,2,39,0.625,4,Moussorgsky_TableauxProm(24 mes)_ORCH+REDUC+piano.xml
204,4,25,0.625,4,Moussorgsky_TableauxProm(24 mes)_ORCH+REDUC+piano.xml
204,4,37,0.625,4,Moussorgsky_TableauxProm(24 mes)_ORCH+REDUC+piano.xml
208,2,27,0.625,4,Moussorgsky_TableauxProm(24 mes)_ORCH+REDUC+piano.xml
208,2,39,0.625,4,Moussorgsky_TableauxProm(24 mes)_ORCH+REDUC+piano.xml
210,2,29,0.625,4,Moussorgsky_TableauxProm(24 mes)_ORCH+REDUC+piano.xml
210,2,41,0.625,4,Moussorgsky_TableauxProm(24 mes)_ORCH+REDUC+piano.xml
212,4,32,0.625,4,Moussorgsky_TableauxProm(24 mes)_ORCH+REDUC+piano.xml
212,4,44,0.625,4,Moussorgsky_TableauxProm(24 mes)_ORCH+REDUC+piano.xml
216,4,34,0.625,4,Moussorgsky_TableauxProm(24 mes)_ORCH+REDUC+piano.xml
216,4,46,0.625,4,Moussorgsky_TableauxProm(24 mes)_ORCH+REDUC+piano.xml
220,4,32,0.625,4,Moussorgsky_TableauxProm(24 mes)_ORCH+REDUC+piano.xml
220,4,44,0.625,4,Moussorgsky_TableauxProm(24 mes)_ORCH+REDUC+piano.xml
244,8,22,0.625,4,Moussorgsky_TableauxProm(24 mes)_ORCH+REDUC+piano.xml
244,8,34,0.625,4,Moussorgsky_TableauxProm(24 mes)_ORCH+REDUC+piano.xml
252,1,21,0.625,4,Moussorgsky_TableauxProm(24 mes)_ORCH+REDUC+piano.xml
252,1,33,0.625,4,Moussorgsky_TableauxProm(24 mes)_ORCH+REDUC+piano.xml
253,1,21,0.63636363636363635,4,Moussorgsky_TableauxProm(24 mes)_ORCH+REDUC+piano.xml
253,1,33,0.65909090909090906,4,Moussorgsky_TableauxProm(24 mes)_ORCH+REDUC+piano.xml
254,1,21,0.64772727272727271,4,Moussorgsky_TableauxProm(24 mes)_ORCH+REDUC+piano.xml
254,1,33,0.69318181818181812,4,Moussorgsky_TableauxProm(24 mes)_ORCH+REDUC+piano.xml
255,1,21,0.65909090909090906,4,Moussorgsky_TableauxProm(24 mes)_ORCH+REDUC+piano.xml
255,1,33,0.72727272727272729,4,Moussorgsky_TableauxProm(24 mes)_ORCH+REDUC+piano.xml
256,1,22,0.67045454545454541,4,Moussorgsky_TableauxProm(24 mes)_ORCH+REDUC+piano.xml
256,1,34,0.76136363636363635,4,Moussorgsky_TableauxProm(24 mes)_ORCH+REDUC+piano.xml
257,1,22,0.68181818181818188,4,Moussorgsky_TableauxProm(24 mes)_ORCH+REDUC+piano.xml
257,1,34,0.79545454545454541,4,Moussorgsky_TableauxProm(24 mes)_ORCH+REDUC+piano.xml
258,1,22,0.69318181818181812,4,Moussorgsky_TableauxProm(24 mes)_ORCH+REDUC+piano.xml
258,1,34,0.82954545454545459,4,Moussorgsky_TableauxProm(24 mes)_ORCH+REDUC+piano.xml
259,1,22,0.70454545454545459,4,Moussorgsky_TableauxProm(24 mes)_ORCH+REDUC+piano.xml
259,1,34,0.86363636363636365,4,Moussorgsky_TableauxProm(24 mes)_ORCH+REDUC+piano.xml
260,1,22,0.71590909090909094,4,Moussorgsky_TableauxProm(24 mes)_ORCH+REDUC+piano.xml
260,1,34,0.89772727272727271,4,Moussorgsky_TableauxProm(24 mes)_ORCH+REDUC+piano.xml
261,1,22,0.72727272727272729,4,Moussorgsky_TableauxProm(24 mes)_ORCH+REDUC+piano.xml
261,1,34,0.93181818181818177,4,Moussorgsky_TableauxProm(24 mes)_ORCH+REDUC+piano.xml
262,1,22,0.73863636363636365,4,Moussorgsky_TableauxProm(24 mes)_ORCH+REDUC+piano.xml
262,1,34,0.96590909090909083,4,Moussorgsky_TableauxProm(24 mes)_ORCH+REDUC+piano.xml
263,1,22,0.75,4,Moussorgsky_TableauxProm(24 mes)_ORCH+REDUC+piano.xml
263,1,34,1.0,4,Moussorgsky_TableauxProm(24 mes)_ORCH+REDUC+piano.xml
264,4,34,0.72499999999999998,4,Moussorgsky_TableauxProm(24 mes)_ORCH+REDUC+piano.xml
264,4,46,0.72499999999999998,4,Moussorgsky_TableauxProm(24 mes)_ORCH+REDUC+piano.xml
268,2,33,0.75,4,Moussorgsky_TableauxProm(24 mes)_ORCH+REDUC+piano.xml
268,2,45,0.75,4,Moussorgsky_TableauxProm(24 mes)_ORCH+REDUC+piano.xml
270,2,31,0.75,4,Moussorgsky_TableauxProm(24 mes)_ORCH+REDUC+piano.xml
270,2,43,0.75,4,Moussorgsky_TableauxProm(24 mes)_ORCH+REDUC+piano.xml
272,4,29,0.75,4,Moussorgsky_TableauxProm(24 mes)_ORCH+REDUC+piano.xml
272,4,41,0.75,4,Moussorgsky_TableauxProm(24 mes)_ORCH+REDUC+piano.xml
276,2,31,0.75,4,Moussorgsky_TableauxProm(24 mes)_ORCH+REDUC+piano.xml
276,2,43,0.75,4,Moussorgsky_TableauxProm(24 mes)_ORCH+REDUC+piano.xml
278,2,33,0.75,4,Moussorgsky_TableauxProm(24 mes)_ORCH+REDUC+piano.xml
278,2,45,0.75,4,Moussorgsky_TableauxProm(24 mes)_ORCH+REDUC+piano.xml
280,4,36,0.75,4,Moussorgsky_TableauxProm(24 mes)_ORCH+REDUC+piano.xml
280,4,48,0.75,4,Moussorgsky_TableauxProm(24 mes)_ORCH+REDUC+piano.xml
284,4,38,0.75,4,Moussorgsky_TableauxProm(24 mes)_ORCH+REDUC+piano.xml
284,4,50,0.75,4,Moussorgsky_TableauxProm(24 mes)_ORCH+REDUC+piano.xml
288,4,36,0.75,4,Moussorgsky_TableauxProm(24 mes)_ORCH+REDUC+piano.xml
288,4,48,0.75,4,Moussorgsky_TableauxProm(24 mes)_ORCH+REDUC+piano.xml
292,4,33,0.625,4,Moussorgsky_TableauxProm(24 mes)_ORCH+REDUC+piano.xml
292,4,45,0.625,4,Moussorgsky_TableauxProm(24 mes)_ORCH+REDUC+piano.xml
296,4,34,0.625,4,Moussorgsky_TableauxProm(24 mes)_ORCH+REDUC+piano.xml
296,4,46,0.625,4,Moussorgsky_TableauxProm(24 mes)_ORCH+REDUC+piano.xml
300,4,29,0.625,4,Moussorgsky_TableauxProm(24 mes)_ORCH+REDUC+piano.xml
300,4,41,0.625,4,Moussorgsky_TableauxProm(24 mes)_ORCH+REDUC+piano.xml
304,4,31,0.625,4,Moussorgsky_TableauxProm(24 mes)_ORCH+REDUC+piano.xml
304,4,43,0.625,4,Moussorgsky_TableauxProm(24 mes)_ORCH+REDUC+piano.xml
316,4,26,0.38300000000000001,4,Moussorgsky_TableauxProm(24 mes)_ORCH+REDUC+piano.xml
316,4,38,0.38300000000000001,4,Moussorgsky_TableauxProm(24 mes)_ORCH+REDUC+piano.xml
320,4,31,0.38300000000000001,4,Moussorgsky_TableauxProm(24 mes)_ORCH+REDUC+piano.xml
320,4,43,0.38300000000000001,4,Moussorgsky_TableauxProm(24 mes)_ORCH+REDUC+piano.xml
324,4,26,0.38300000000000001,4,Moussorgsky_TableauxProm(24 mes)_ORCH+REDUC+piano.xml
324,4,38,0.38300000000000001,4,Moussorgsky_TableauxProm(24 mes)_ORCH+REDUC+piano.xml
328,4,31,0.38300000000000001,4,Moussorgsky_TableauxProm(24 mes)_ORCH+REDUC+piano.xml
328,4,43,0.38300000000000001,4,Moussorgsky_TableauxProm(24 mes)_ORCH+REDUC+piano.xml
340,4,24,0.38300000000000001,4,Moussorgsky_TableauxProm(24 mes)_ORCH+REDUC+piano.xml
340,4,36,0.38300000000000001,4,Moussorgsky_TableauxProm(24 mes)_ORCH+REDUC+piano.xml
344,1,29,0.38300000000000001,4,Moussorgsky_TableauxProm(24 mes)_ORCH+REDUC+piano.xml
344,1,41,0.38300000000000001,4,Moussorgsky_TableauxProm(24 mes)_ORCH+REDUC+piano.xml
345,1,29,0.2553333333333333,4,Moussorgsky_TableauxProm(24 mes)_ORCH+REDUC+piano.xml
345,1,41,0.2553333333333333,4,Moussorgsky_TableauxProm(24 mes)_ORCH+REDUC+piano.xml
346,1,29,0.12766666666666665,4,Moussorgsky_TableauxProm(24 mes)_ORCH+REDUC+piano.xml
346,1,41,0.12766666666666665,4,Moussorgsky_TableauxProm(24 mes)_ORCH+REDUC+piano.xml
348,4,31,0.28300000000000003,4,Moussorgsky_TableauxProm(24 mes)_ORCH+REDUC+piano.xml
348,4,43,0.28300000000000003,4,Moussorgsky_TableauxProm(24 mes)_ORCH+REDUC+piano.xml
364,4,24,0.75,4,Moussorgsky_TableauxProm(24 mes)_ORCH+REDUC+piano.xml
364,4,36,0.75,4,Moussorgsky_TableauxProm(24 mes)_ORCH+REDUC+piano.xml
368,1,29,0.75,4,Moussorgsky_TableauxProm(24 mes)_ORCH+REDUC+piano.xml
368,1,48,0.75,4,Moussorgsky_TableauxProm(24 mes)_ORCH+REDUC+piano.xml
369,1,29,0.7857142857142857,4,Moussorgsky_TableauxProm(24 mes)_ORCH+REDUC+piano.xml
369,1,48,0.7857142857142857,4,Moussorgsky_TableauxProm(24 mes)_ORCH+REDUC+piano.xml
370,1,29,0.8214285714285714,4,Moussorgsky_TableauxProm(24 mes)_ORCH+REDUC+piano.xml
370,1,48,0.8214285714285714,4,Moussorgsky_TableauxProm(24 mes)_ORCH+REDUC+piano.xml
371,1,29,0.8571428571428571,4,Moussorgsky_TableauxProm(24 mes)_ORCH+REDUC+piano.xml
371,1,48,0.8571428571428571,4,Moussorgsky_TableauxProm(24 mes)_ORCH+REDUC+piano.xml
372,1,24,0.89285714285714279,4,Moussorgsky_TableauxProm(24 mes)_ORCH+REDUC+piano.xml
372,1,36,0.89285714285714279,4,Moussorgsky_TableauxProm(24 mes)_ORCH+REDUC+piano.xml
373,1,24,0.9285714285714286,4,Moussorgsky_TableauxProm(24 mes)_ORCH+REDUC+piano.xml
373,1,36,0.9285714285714286,4,Moussorgsky_TableauxProm(24 mes)_ORCH+REDUC+piano.xml
374,1,24,0.9642857142857143,4,Moussorgsky_TableauxProm(24 mes)_ORCH+REDUC+piano.xml
374,1,36,0.9642857142857143,4,Moussorgsky_TableauxProm(24 mes)_ORCH+REDUC+piano.xml
375,1,24,1.0,4,Moussorgsky_TableauxProm(24 mes)_ORCH+REDUC+piano.xml
375,1,36,1.0,4,Moussorgsky_TableauxProm(24 mes)_ORCH+REDUC+piano.xml
376,4,17,0.75,4,Moussorgsky_TableauxProm(24 mes)_ORCH+REDUC+piano.xml
376,4,29,0.84999999999999998,4,Moussorgsky_TableauxProm(24 mes)_ORCH+REDUC+piano.xml
376,4,41,0.84999999999999998,4,Moussorgsky_TableauxProm(24 mes)_ORCH+REDUC+piano.xml
380,4,19,0.75,4,Moussorgsky_TableauxProm(24 mes)_ORCH+REDUC+piano.xml
380,4,31,0.84999999999999998,4,Moussorgsky_TableauxProm(24 mes)_ORCH+REDUC+piano.xml
384,2,21,0.75,4,Moussorgsky_TableauxProm(24 mes)_ORCH+REDUC+piano.xml
384,2,33,0.84999999999999998,4,Moussorgsky_TableauxProm(24 mes)_ORCH+REDUC+piano.xml
386,2,22,0.75,4,Moussorgsky_TableauxProm(24 mes)_ORCH+REDUC+piano.xml
386,2,34,0.84999999999999998,4,Moussorgsky_TableauxProm(24 mes)_ORCH+REDUC+piano.xml
388,4,21,0.75,4,Moussorgsky_TableauxProm(24 mes)_ORCH+REDUC+piano.xml
388,4,33,0.84999999999999998,4,Moussorgsky_TableauxProm(24 mes)_ORCH+REDUC+piano.xml
392,4,22,0.75,4,Moussorgsky_TableauxProm(24 mes)_ORCH+REDUC+piano.xml
392,4,34,0.84999999999999998,4,Moussorgsky_TableauxProm(24 mes)_ORCH+REDUC+piano.xml
396,4,21,0.75,4,Moussorgsky_TableauxProm(24 mes)_ORCH+REDUC+piano.xml
396,4,33,0.84999999999999998,4,Moussorgsky_TableauxProm(24 mes)_ORCH+REDUC+piano.xml
400,4,19,0.75,4,Moussorgsky_TableauxProm(24 mes)_ORCH+REDUC+piano.xml
400,4,31,0.84999999999999998,4,Moussorgsky_TableauxProm(24 mes)_ORCH+REDUC+piano.xml
404,4,17,0.75,4,Moussorgsky_TableauxProm(24 mes)_ORCH+REDUC+piano.xml
404,4,29,0.84999999999999998,4,Moussorgsky_TableauxProm(24 mes)_ORCH+REDUC+piano.xml
408,4,19,0.75,4,Moussorgsky_TableauxProm(24 mes)_ORCH+REDUC+piano.xml
408,4,31,0.84999999999999998,4,Moussorgsky_TableauxProm(24 mes)_ORCH+REDUC+piano.xml
412,4,17,0.75,4,Moussorgsky_TableauxProm(24 mes)_ORCH+REDUC+piano.xml
412,4,29,0.84999999999999998,4,Moussorgsky_TableauxProm(24 mes)_ORCH+REDUC+piano.xml
412,4,41,0.84999999999999998,4,Moussorgsky_TableauxProm(24 mes)_ORCH+REDUC+piano.xml
416,4,19,0.75,4,Moussorgsky_TableauxProm(24 mes)_ORCH+REDUC+piano.xml
416,4,31,0.84999999999999998,4,Moussorgsky_TableauxProm(24 mes)_ORCH+REDUC+piano.xml
420,2,21,0.75,4,Moussorgsky_TableauxProm(24 mes)_ORCH+REDUC+piano.xml
420,2,33,0.84999999999999998,4,Moussorgsky_TableauxProm(24 mes)_ORCH+REDUC+piano.xml
422,2,22,0.75,4,Moussorgsky_TableauxProm(24 mes)_ORCH+REDUC+piano.xml
422,2,34,0.84999999999999998,4,Moussorgsky_TableauxProm(24 mes)_ORCH+REDUC+piano.xml
424,4,21,0.75,4,Moussorgsky_TableauxProm(24 mes)_ORCH+REDUC+piano.xml
424,4,33,0.84999999999999998,4,Moussorgsky_TableauxProm(24 mes)_ORCH+REDUC+piano.xml
428,4,22,0.75,4,Moussorgsky_TableauxProm(24 mes)_ORCH+REDUC+piano.xml
428,4,34,0.84999999999999998,4,Moussorgsky_TableauxProm(24 mes)_ORCH+REDUC+piano.xml
432,4,21,0.75,4,Moussorgsky_TableauxProm(24 mes)_ORCH+REDUC+piano.xml
432,4,33,0.84999999999999998,4,Moussorgsky_TableauxProm(24 mes)_ORCH+REDUC+piano.xml
436,4,19,0.75,4,Moussorgsky_TableauxProm(24 mes)_ORCH+REDUC+piano.xml
436,4,31,0.84999999999999998,4,Moussorgsky_TableauxProm(24 mes)_ORCH+REDUC+piano.xml
440,4,17,0.75,4,Moussorgsky_TableauxProm(24 mes)_ORCH+REDUC+piano.xml
440,4,29,0.84999999999999998,4,Moussorgsky_TableauxProm(24 mes)_ORCH+REDUC+piano.xml
444,4,19,0.75,4,Moussorgsky_TableauxProm(24 mes)_ORCH+REDUC+piano.xml
444,4,31,0.84999999999999998,4,Moussorgsky_TableauxProm(24 mes)_ORCH+REDUC+piano.xml
448,4,17,0.75,4,Moussorgsky_TableauxProm(24 mes)_ORCH+REDUC+piano.xml
448,4,29,0.84999999999999998,4,Moussorgsky_TableauxProm(24 mes)_ORCH+REDUC+piano.xml
460,4,24,0.75,4,Moussorgsky_TableauxProm(24 mes)_ORCH+REDUC+piano.xml
460,4,36,0.84999999999999998,4,Moussorgsky_TableauxProm(24 mes)_ORCH+REDUC+piano.xml
464,4,17,0.75,4,Moussorgsky_TableauxProm(24 mes)_ORCH+REDUC+piano.xml
464,4,29,0.84999999999999998,4,Moussorgsky_TableauxProm(24 mes)_ORCH+REDUC+piano.xml
468,4,19,0.75,4,Moussorgsky_TableauxProm(24 mes)_ORCH+REDUC+piano.xml
468,4,31,0.84999999999999998,4,Moussorgsky_TableauxProm(24 mes)_ORCH+REDUC+piano.xml
472,4,17,0.75,4,Moussorgsky_TableauxProm(24 mes)_ORCH+REDUC+piano.xml
472,4,29,0.84999999999999998,4,Moussorgsky_TableauxProm(24 mes)_ORCH+REDUC+piano.xml
476,4,27,0.75,4,Moussorgsky_TableauxProm(24 mes)_ORCH+REDUC+piano.xml
476,4,39,0.84999999999999998,4,Moussorgsky_TableauxProm(24 mes)_ORCH+REDUC+piano.xml
480,4,29,0.75,4,Moussorgsky_TableauxProm(24 mes)_ORCH+REDUC+piano.xml
480,4,41,0.84999999999999998,4,Moussorgsky_TableauxProm(24 mes)_ORCH+REDUC+piano.xml
484,4,26,0.75,4,Moussorgsky_TableauxProm(24 mes)_ORCH+REDUC+piano.xml
484,4,38,0.84999999999999998,4,Moussorgsky_TableauxProm(24 mes)_ORCH+REDUC+piano.xml
488,4,24,0.75,4,Moussorgsky_TableauxProm(24 mes)_ORCH+REDUC+piano.xml
488,4,36,0.84999999999999998,4,Moussorgsky_TableauxProm(24 mes)_ORCH+REDUC+piano.xml
492,4,22,0.75,4,Moussorgsky_TableauxProm(24 mes)_ORCH+REDUC+piano.xml
492,4,34,0.84999999999999998,4,Moussorgsky_TableauxProm(24 mes)_ORCH+REDUC+piano.xml
496,4,21,0.75,4,Moussorgsky_TableauxProm(24 mes)_ORCH+REDUC+piano.xml
496,4,33,0.84999999999999998,4,Moussorgsky_TableauxProm(24 mes)_ORCH+REDUC+piano.xml
500,4,19,0.75,4,Moussorgsky_TableauxProm(24 mes)_ORCH+REDUC+piano.xml
500,4,31,0.84999999999999998,4,Moussorgsky_TableauxProm(24 mes)_ORCH+REDUC+piano.xml
504,4,31,0.75,4,Moussorgsky_TableauxProm(24 mes)_ORCH+REDUC+piano.xml
504,4,43,0.84999999999999998,4,Moussorgsky_TableauxProm(24 mes)_ORCH+REDUC+piano.xml
508,4,24,0.75,4,Moussorgsky_TableauxProm(24 mes)_ORCH+REDUC+piano.xml
508,4,36,0.84999999999999998,4,Moussorgsky_TableauxProm(24 mes)_ORCH+REDUC+piano.xml
512,4,28,0.75,4,Moussorgsky_TableauxProm(24 mes)_ORCH+REDUC+piano.xml
512,4,40,0.84999999999999998,4,Moussorgsky_TableauxProm(24 mes)_ORCH+REDUC+piano.xml
516,4,29,0.75,4,Moussorgsky_TableauxProm(24 mes)_ORCH+REDUC+piano.xml
516,4,41,0.84999999999999998,4,Moussorgsky_TableauxProm(24 mes)_ORCH+REDUC+piano.xml
520,4,22,0.75,4,Moussorgsky_TableauxProm(24 mes)_ORCH+REDUC+piano.xml
520,4,34,0.84999999999999998,4,Moussorgsky_TableauxProm(24 mes)_ORCH+REDUC+piano.xml
524,4,21,0.75,4,Moussorgsky_TableauxProm(24 mes)_ORCH+REDUC+piano.xml
524,4,33,0.84999999999999998,4,Moussorgsky_TableauxProm(24 mes)_ORCH+REDUC+piano.xml
528,4,19,0.75,4,Moussorgsky_TableauxProm(24 mes)_ORCH+REDUC+piano.xml
528,4,31,0.84999999999999998,4,Moussorgsky_TableauxProm(24 mes)_ORCH+REDUC+piano.xml
532,4,17,0.75,4,Moussorgsky_TableauxProm(24 mes)_ORCH+REDUC+piano.xml
532,4,29,0.84999999999999998,4,Moussorgsky_TableauxProm(24 mes)_ORCH+REDUC+piano.xml
536,4,22,0.75,4,Moussorgsky_TableauxProm(24 mes)_ORCH+REDUC+piano.xml
536,4,34,0.84999999999999998,4,Moussorgsky_TableauxProm(24 mes)_ORCH+REDUC+piano.xml
540,4,31,0.75,4,Moussorgsky_TableauxProm(24 mes)_ORCH+REDUC+piano.xml
540,4,43,0.84999999999999998,4,Moussorgsky_TableauxProm(24 mes)_ORCH+REDUC+piano.xml
544,4,24,0.75,4,Moussorgsky_TableauxProm(24 mes)_ORCH+REDUC+piano.xml
544,4,36,0.84999999999999998,4,Moussorgsky_TableauxProm(24 mes)_ORCH+REDUC+piano.xml
548,4,29,0.75,4,Moussorgsky_TableauxProm(24 mes)_ORCH+REDUC+piano.xml
548,4,41,0.84999999999999998,4,Moussorgsky_TableauxProm(24 mes)_ORCH+REDUC+piano.xml
552,4,22,0.75,4,Moussorgsky_TableauxProm(24 mes)_ORCH+REDUC+piano.xml
552,4,34,0.84999999999999998,4,Moussorgsky_TableauxProm(24 mes)_ORCH+REDUC+piano.xml
