t0,dt,pitch,dyn,quantization,filename
176,8,18,0.625,4,Moussorgsky_TableauxProm(24 mes)_ORCH+REDUC+piano.xml
184,4,17,0.625,4,Moussorgsky_TableauxProm(24 mes)_ORCH+REDUC+piano.xml
188,8,18,0.625,4,Moussorgsky_TableauxProm(24 mes)_ORCH+REDUC+piano.xml
196,4,30,0.625,4,Moussorgsky_TableauxProm(24 mes)_ORCH+REDUC+piano.xml
200,2,29,0.625,4,Moussorgsky_TableauxProm(24 mes)_ORCH+REDUC+piano.xml
202,2,27,0.625,4,Moussorgsky_TableauxProm(24 mes)_ORCH+REDUC+piano.xml
204,4,25,0.625,4,Moussorgsky_TableauxProm(24 mes)_ORCH+REDUC+piano.xml
208,2,27,0.625,4,Moussorgsky_TableauxProm(24 mes)_ORCH+REDUC+piano.xml
210,2,29,0.625,4,Moussorgsky_TableauxProm(24 mes)_ORCH+REDUC+piano.xml
212,4,32,0.625,4,Moussorgsky_TableauxProm(24 mes)_ORCH+REDUC+piano.xml
216,4,34,0.625,4,Moussorgsky_TableauxProm(24 mes)_ORCH+REDUC+piano.xml
220,4,32,0.625,4,Moussorgsky_TableauxProm(24 mes)_ORCH+REDUC+piano.xml
224,8,18,0.625,4,Moussorgsky_TableauxProm(24 mes)_ORCH+REDUC+piano.xml
232,4,17,0.625,4,Moussorgsky_TableauxProm(24 mes)_ORCH+REDUC+piano.xml
236,4,18,0.625,4,Moussorgsky_TableauxProm(24 mes)_ORCH+REDUC+piano.xml
240,2,30,0.625,4,Moussorgsky_TableauxProm(24 mes)_ORCH+REDUC+piano.xml
244,1,22,0.625,4,Moussorgsky_TableauxProm(24 mes)_ORCH+REDUC+piano.xml
245,1,22,0.6293478260869565,4,Moussorgsky_TableauxProm(24 mes)_ORCH+REDUC+piano.xml
246,1,22,0.63369565217391299,4,Moussorgsky_TableauxProm(24 mes)_ORCH+REDUC+piano.xml
247,1,22,0.6380434782608696,4,Moussorgsky_TableauxProm(24 mes)_ORCH+REDUC+piano.xml
248,1,22,0.6423913043478261,4,Moussorgsky_TableauxProm(24 mes)_ORCH+REDUC+piano.xml
249,1,22,0.64673913043478259,4,Moussorgsky_TableauxProm(24 mes)_ORCH+REDUC+piano.xml
250,1,22,0.65108695652173909,4,Moussorgsky_TableauxProm(24 mes)_ORCH+REDUC+piano.xml
251,1,22,0.6554347826086957,4,Moussorgsky_TableauxProm(24 mes)_ORCH+REDUC+piano.xml
252,1,21,0.6597826086956522,4,Moussorgsky_TableauxProm(24 mes)_ORCH+REDUC+piano.xml
253,1,21,0.66413043478260869,4,Moussorgsky_TableauxProm(24 mes)_ORCH+REDUC+piano.xml
254,1,21,0.66847826086956519,4,Moussorgsky_TableauxProm(24 mes)_ORCH+REDUC+piano.xml
255,1,21,0.67282608695652169,4,Moussorgsky_TableauxProm(24 mes)_ORCH+REDUC+piano.xml
256,1,22,0.67717391304347829,4,Moussorgsky_TableauxProm(24 mes)_ORCH+REDUC+piano.xml
257,1,22,0.68152173913043479,4,Moussorgsky_TableauxProm(24 mes)_ORCH+REDUC+piano.xml
258,1,22,0.68586956521739129,4,Moussorgsky_TableauxProm(24 mes)_ORCH+REDUC+piano.xml
259,1,22,0.69021739130434778,4,Moussorgsky_TableauxProm(24 mes)_ORCH+REDUC+piano.xml
260,1,22,0.69456521739130439,4,Moussorgsky_TableauxProm(24 mes)_ORCH+REDUC+piano.xml
261,1,22,0.69891304347826089,4,Moussorgsky_TableauxProm(24 mes)_ORCH+REDUC+piano.xml
262,1,22,0.70326086956521738,4,Moussorgsky_TableauxProm(24 mes)_ORCH+REDUC+piano.xml
263,1,22,0.70760869565217388,4,Moussorgsky_TableauxProm(24 mes)_ORCH+REDUC+piano.xml
264,1,34,0.71195652173913038,4,Moussorgsky_TableauxProm(24 mes)_ORCH+REDUC+piano.xml
265,1,34,0.71630434782608698,4,Moussorgsky_TableauxProm(24 mes)_ORCH+REDUC+piano.xml
266,1,34,0.72065217391304348,4,Moussorgsky_TableauxProm(24 mes)_ORCH+REDUC+piano.xml
267,1,34,0.72499999999999998,4,Moussorgsky_TableauxProm(24 mes)_ORCH+REDUC+piano.xml
268,2,33,0.75,4,Moussorgsky_TableauxProm(24 mes)_ORCH+REDUC+piano.xml
270,2,31,0.75,4,Moussorgsky_TableauxProm(24 mes)_ORCH+REDUC+piano.xml
272,4,29,0.75,4,Moussorgsky_TableauxProm(24 mes)_ORCH+REDUC+piano.xml
276,2,31,0.75,4,Moussorgsky_TableauxProm(24 mes)_ORCH+REDUC+piano.xml
278,2,33,0.75,4,Moussorgsky_TableauxProm(24 mes)_ORCH+REDUC+piano.xml
280,4,36,0.75,4,Moussorgsky_TableauxProm(24 mes)_ORCH+REDUC+piano.xml
284,4,38,0.75,4,Moussorgsky_TableauxProm(24 mes)_ORCH+REDUC+piano.xml
288,4,36,0.75,4,Moussorgsky_TableauxProm(24 mes)_ORCH+REDUC+piano.xml
292,4,33,0.625,4,Moussorgsky_TableauxProm(24 mes)_ORCH+REDUC+piano.xml
296,4,34,0.625,4,Moussorgsky_TableauxProm(24 mes)_ORCH+REDUC+piano.xml
300,4,29,0.625,4,Moussorgsky_TableauxProm(24 mes)_ORCH+REDUC+piano.xml
304,4,31,0.625,4,Moussorgsky_TableauxProm(24 mes)_ORCH+REDUC+piano.xml
308,4,29,0.625,4,Moussorgsky_TableauxProm(24 mes)_ORCH+REDUC+piano.xml
312,4,31,0.625,4,Moussorgsky_TableauxProm(24 mes)_ORCH+REDUC+piano.xml
316,4,26,0.38300000000000001,4,Moussorgsky_TableauxProm(24 mes)_ORCH+REDUC+piano.xml
320,4,31,0.38300000000000001,4,Moussorgsky_TableauxProm(24 mes)_ORCH+REDUC+piano.xml
324,4,26,0.38300000000000001,4,Moussorgsky_TableauxProm(24 mes)_ORCH+REDUC+piano.xml
328,4,31,0.38300000000000001,4,Moussorgsky_TableauxProm(24 mes)_ORCH+REDUC+piano.xml
332,4,26,0.38300000000000001,4,Moussorgsky_TableauxProm(24 mes)_ORCH+REDUC+piano.xml
336,4,31,0.38300000000000001,4,Moussorgsky_TableauxProm(24 mes)_ORCH+REDUC+piano.xml
340,4,24,0.38300000000000001,4,Moussorgsky_TableauxProm(24 mes)_ORCH+REDUC+piano.xml
344,1,29,0.38300000000000001,4,Moussorgsky_TableauxProm(24 mes)_ORCH+REDUC+piano.xml
345,1,29,0.2553333333333333,4,Moussorgsky_TableauxProm(24 mes)_ORCH+REDUC+piano.xml
346,1,29,0.12766666666666665,4,Moussorgsky_TableauxProm(24 mes)_ORCH+REDUC+piano.xml
348,4,31,0.28300000000000003,4,Moussorgsky_TableauxProm(24 mes)_ORCH+REDUC+piano.xml
364,4,24,0.75,4,Moussorgsky_TableauxProm(24 mes)_ORCH+REDUC+piano.xml
368,1,29,0.75,4,Moussorgsky_TableauxProm(24 mes)_ORCH+REDUC+piano.xml
369,1,29,0.7857142857142857,4,Moussorgsky_TableauxProm(24 mes)_ORCH+REDUC+piano.xml
370,1,29,0.8214285714285714,4,Moussorgsky_TableauxProm(24 mes)_ORCH+REDUC+piano.xml
371,1,29,0.8571428571428571,4,Moussorgsky_TableauxProm(24 mes)_ORCH+REDUC+piano.xml
372,1,24,0.89285714285714279,4,Moussorgsky_TableauxProm(24 mes)_ORCH+REDUC+piano.xml
373,1,24,0.9285714285714286,4,Moussorgsky_TableauxProm(24 mes)_ORCH+REDUC+piano.xml
374,1,24,0.9642857142857143,4,Moussorgsky_TableauxProm(24 mes)_ORCH+REDUC+piano.xml
375,1,24,1.0,4,Moussorgsky_TableauxProm(24 mes)_ORCH+REDUC+piano.xml
376,4,17,0.84999999999999998,4,Moussorgsky_TableauxProm(24 mes)_ORCH+REDUC+piano.xml
380,4,19,0.84999999999999998,4,Moussorgsky_TableauxProm(24 mes)_ORCH+REDUC+piano.xml
384,2,21,0.84999999999999998,4,Moussorgsky_TableauxProm(24 mes)_ORCH+REDUC+piano.xml
386,2,22,0.84999999999999998,4,Moussorgsky_TableauxProm(24 mes)_ORCH+REDUC+piano.xml
388,4,21,0.84999999999999998,4,Moussorgsky_TableauxProm(24 mes)_ORCH+REDUC+piano.xml
392,4,22,0.84999999999999998,4,Moussorgsky_TableauxProm(24 mes)_ORCH+REDUC+piano.xml
396,4,21,0.84999999999999998,4,Moussorgsky_TableauxProm(24 mes)_ORCH+REDUC+piano.xml
400,4,19,0.84999999999999998,4,Moussorgsky_TableauxProm(24 mes)_ORCH+REDUC+piano.xml
404,4,17,0.84999999999999998,4,Moussorgsky_TableauxProm(24 mes)_ORCH+REDUC+piano.xml
408,4,19,0.84999999999999998,4,Moussorgsky_TableauxProm(24 mes)_ORCH+REDUC+piano.xml
412,4,17,0.84999999999999998,4,Moussorgsky_TableauxProm(24 mes)_ORCH+REDUC+piano.xml
416,4,19,0.84999999999999998,4,Moussorgsky_TableauxProm(24 mes)_ORCH+REDUC+piano.xml
420,2,21,0.84999999999999998,4,Moussorgsky_TableauxProm(24 mes)_ORCH+REDUC+piano.xml
422,2,22,0.84999999999999998,4,Moussorgsky_TableauxProm(24 mes)_ORCH+REDUC+piano.xml
424,4,21,0.84999999999999998,4,Moussorgsky_TableauxProm(24 mes)_ORCH+REDUC+piano.xml
428,4,22,0.84999999999999998,4,Moussorgsky_TableauxProm(24 mes)_ORCH+REDUC+piano.xml
432,4,21,0.84999999999999998,4,Moussorgsky_TableauxProm(24 mes)_ORCH+REDUC+piano.xml
436,4,19,0.84999999999999998,4,Moussorgsky_TableauxProm(24 mes)_ORCH+REDUC+piano.xml
440,4,17,0.84999999999999998,4,Moussorgsky_TableauxProm(24 mes)_ORCH+REDUC+piano.xml
444,4,19,0.84999999999999998,4,Moussorgsky_TableauxProm(24 mes)_ORCH+REDUC+piano.xml
448,4,17,0.84999999999999998,4,Moussorgsky_TableauxProm(24 mes)_ORCH+REDUC+piano.xml
460,4,24,0.84999999999999998,4,Moussorgsky_TableauxProm(24 mes)_ORCH+REDUC+piano.xml
464,4,17,0.84999999999999998,4,Moussorgsky_TableauxProm(24 mes)_ORCH+REDUC+piano.xml
468,4,19,0.84999999999999998,4,Moussorgsky_TableauxProm(24 mes)_ORCH+REDUC+piano.xml
472,4,17,0.84999999999999998,4,Moussorgsky_TableauxProm(24 mes)_ORCH+REDUC+piano.xml
520,4,22,0.84999999999999998,4,Moussorgsky_TableauxProm(24 mes)_ORCH+REDUC+piano.xml
524,4,21,0.84999999999999998,4,Moussorgsky_TableauxProm(24 mes)_ORCH+REDUC+piano.xml
528,4,19,0.84999999999999998,4,Moussorgsky_TableauxProm(24 mes)_ORCH+REDUC+piano.xml
532,4,17,0.84999999999999998,4,Moussorgsky_TableauxProm(24 mes)_ORCH+REDUC+piano.xml
536,4,22,0.84999999999999998,4,Moussorgsky_TableauxProm(24 mes)_ORCH+REDUC+piano.xml
540,4,31,0.84999999999999998,4,Moussorgsky_TableauxProm(24 mes)_ORCH+REDUC+piano.xml
544,4,24,0.84999999999999998,4,Moussorgsky_TableauxProm(24 mes)_ORCH+REDUC+piano.xml
548,4,29,0.84999999999999998,4,Moussorgsky_TableauxProm(24 mes)_ORCH+REDUC+piano.xml
552,4,22,0.84999999999999998,4,Moussorgsky_TableauxProm(24 mes)_ORCH+REDUC+piano.xml
