t0,dt,pitch,dyn,quantization,filename
268,2,65,0.75,4,Moussorgsky_TableauxProm(24 mes)_ORCH+REDUC+piano.xml
268,2,69,0.75,4,Moussorgsky_TableauxProm(24 mes)_ORCH+REDUC+piano.xml
268,8,72,0.75,4,Moussorgsky_TableauxProm(24 mes)_ORCH+REDUC+piano.xml
270,2,67,0.75,4,Moussorgsky_TableauxProm(24 mes)_ORCH+REDUC+piano.xml
270,2,76,0.75,4,Moussorgsky_TableauxProm(24 mes)_ORCH+REDUC+piano.xml
272,2,69,0.75,4,Moussorgsky_TableauxProm(24 mes)_ORCH+REDUC+piano.xml
272,4,77,0.75,4,Moussorgsky_TableauxProm(24 mes)_ORCH+REDUC+piano.xml
276,2,70,0.75,4,Moussorgsky_TableauxProm(24 mes)_ORCH+REDUC+piano.xml
276,2,74,0.75,4,Moussorgsky_TableauxProm(24 mes)_ORCH+REDUC+piano.xml
276,2,79,0.75,4,Moussorgsky_TableauxProm(24 mes)_ORCH+REDUC+piano.xml
278,2,69,0.75,4,Moussorgsky_TableauxProm(24 mes)_ORCH+REDUC+piano.xml
278,6,72,0.75,4,Moussorgsky_TableauxProm(24 mes)_ORCH+REDUC+piano.xml
278,2,77,0.75,4,Moussorgsky_TableauxProm(24 mes)_ORCH+REDUC+piano.xml
280,2,67,0.75,4,Moussorgsky_TableauxProm(24 mes)_ORCH+REDUC+piano.xml
280,4,76,0.75,4,Moussorgsky_TableauxProm(24 mes)_ORCH+REDUC+piano.xml
282,2,70,0.75,4,Moussorgsky_TableauxProm(24 mes)_ORCH+REDUC+piano.xml
284,2,69,0.75,4,Moussorgsky_TableauxProm(24 mes)_ORCH+REDUC+piano.xml
284,4,74,0.75,4,Moussorgsky_TableauxProm(24 mes)_ORCH+REDUC+piano.xml
284,4,77,0.75,4,Moussorgsky_TableauxProm(24 mes)_ORCH+REDUC+piano.xml
286,2,65,0.75,4,Moussorgsky_TableauxProm(24 mes)_ORCH+REDUC+piano.xml
288,4,67,0.75,4,Moussorgsky_TableauxProm(24 mes)_ORCH+REDUC+piano.xml
288,4,72,0.75,4,Moussorgsky_TableauxProm(24 mes)_ORCH+REDUC+piano.xml
288,4,76,0.75,4,Moussorgsky_TableauxProm(24 mes)_ORCH+REDUC+piano.xml
292,4,60,0.625,4,Moussorgsky_TableauxProm(24 mes)_ORCH+REDUC+piano.xml
292,2,69,0.625,4,Moussorgsky_TableauxProm(24 mes)_ORCH+REDUC+piano.xml
294,2,64,0.625,4,Moussorgsky_TableauxProm(24 mes)_ORCH+REDUC+piano.xml
296,4,62,0.625,4,Moussorgsky_TableauxProm(24 mes)_ORCH+REDUC+piano.xml
296,4,65,0.625,4,Moussorgsky_TableauxProm(24 mes)_ORCH+REDUC+piano.xml
300,4,60,0.625,4,Moussorgsky_TableauxProm(24 mes)_ORCH+REDUC+piano.xml
300,4,69,0.625,4,Moussorgsky_TableauxProm(24 mes)_ORCH+REDUC+piano.xml
304,4,58,0.625,4,Moussorgsky_TableauxProm(24 mes)_ORCH+REDUC+piano.xml
304,4,62,0.625,4,Moussorgsky_TableauxProm(24 mes)_ORCH+REDUC+piano.xml
308,4,69,0.625,4,Moussorgsky_TableauxProm(24 mes)_ORCH+REDUC+piano.xml
308,4,72,0.625,4,Moussorgsky_TableauxProm(24 mes)_ORCH+REDUC+piano.xml
312,4,62,0.625,4,Moussorgsky_TableauxProm(24 mes)_ORCH+REDUC+piano.xml
312,4,64,0.625,4,Moussorgsky_TableauxProm(24 mes)_ORCH+REDUC+piano.xml
312,4,70,0.625,4,Moussorgsky_TableauxProm(24 mes)_ORCH+REDUC+piano.xml
316,4,57,0.38300000000000001,4,Moussorgsky_TableauxProm(24 mes)_ORCH+REDUC+piano.xml
316,2,65,0.38300000000000001,4,Moussorgsky_TableauxProm(24 mes)_ORCH+REDUC+piano.xml
318,2,60,0.38300000000000001,4,Moussorgsky_TableauxProm(24 mes)_ORCH+REDUC+piano.xml
320,4,58,0.38300000000000001,4,Moussorgsky_TableauxProm(24 mes)_ORCH+REDUC+piano.xml
320,4,62,0.38300000000000001,4,Moussorgsky_TableauxProm(24 mes)_ORCH+REDUC+piano.xml
324,4,57,0.38300000000000001,4,Moussorgsky_TableauxProm(24 mes)_ORCH+REDUC+piano.xml
324,4,65,0.38300000000000001,4,Moussorgsky_TableauxProm(24 mes)_ORCH+REDUC+piano.xml
328,4,58,0.38300000000000001,4,Moussorgsky_TableauxProm(24 mes)_ORCH+REDUC+piano.xml
328,4,62,0.38300000000000001,4,Moussorgsky_TableauxProm(24 mes)_ORCH+REDUC+piano.xml
332,8,65,0.38300000000000001,4,Moussorgsky_TableauxProm(24 mes)_ORCH+REDUC+piano.xml
332,4,69,0.38300000000000001,4,Moussorgsky_TableauxProm(24 mes)_ORCH+REDUC+piano.xml
336,4,62,0.38300000000000001,4,Moussorgsky_TableauxProm(24 mes)_ORCH+REDUC+piano.xml
336,4,70,0.38300000000000001,4,Moussorgsky_TableauxProm(24 mes)_ORCH+REDUC+piano.xml
364,4,55,0.75,4,Moussorgsky_TableauxProm(24 mes)_ORCH+REDUC+piano.xml
364,4,60,0.75,4,Moussorgsky_TableauxProm(24 mes)_ORCH+REDUC+piano.xml
368,4,53,0.75,4,Moussorgsky_TableauxProm(24 mes)_ORCH+REDUC+piano.xml
368,4,57,0.75,4,Moussorgsky_TableauxProm(24 mes)_ORCH+REDUC+piano.xml
372,4,55,0.84999999999999998,4,Moussorgsky_TableauxProm(24 mes)_ORCH+REDUC+piano.xml
372,4,60,0.84999999999999998,4,Moussorgsky_TableauxProm(24 mes)_ORCH+REDUC+piano.xml
376,4,53,0.84999999999999998,4,Moussorgsky_TableauxProm(24 mes)_ORCH+REDUC+piano.xml
376,4,65,0.84999999999999998,4,Moussorgsky_TableauxProm(24 mes)_ORCH+REDUC+piano.xml
412,4,65,0.75,4,Moussorgsky_TableauxProm(24 mes)_ORCH+REDUC+piano.xml
412,4,77,0.75,4,Moussorgsky_TableauxProm(24 mes)_ORCH+REDUC+piano.xml
416,4,67,0.75,4,Moussorgsky_TableauxProm(24 mes)_ORCH+REDUC+piano.xml
416,4,70,0.75,4,Moussorgsky_TableauxProm(24 mes)_ORCH+REDUC+piano.xml
416,2,75,0.75,4,Moussorgsky_TableauxProm(24 mes)_ORCH+REDUC+piano.xml
418,2,74,0.75,4,Moussorgsky_TableauxProm(24 mes)_ORCH+REDUC+piano.xml
420,2,65,0.75,4,Moussorgsky_TableauxProm(24 mes)_ORCH+REDUC+piano.xml
420,2,69,0.75,4,Moussorgsky_TableauxProm(24 mes)_ORCH+REDUC+piano.xml
420,2,72,0.75,4,Moussorgsky_TableauxProm(24 mes)_ORCH+REDUC+piano.xml
422,2,62,0.75,4,Moussorgsky_TableauxProm(24 mes)_ORCH+REDUC+piano.xml
422,2,67,0.75,4,Moussorgsky_TableauxProm(24 mes)_ORCH+REDUC+piano.xml
422,2,70,0.75,4,Moussorgsky_TableauxProm(24 mes)_ORCH+REDUC+piano.xml
424,8,65,0.75,4,Moussorgsky_TableauxProm(24 mes)_ORCH+REDUC+piano.xml
424,4,72,0.75,4,Moussorgsky_TableauxProm(24 mes)_ORCH+REDUC+piano.xml
428,4,74,0.75,4,Moussorgsky_TableauxProm(24 mes)_ORCH+REDUC+piano.xml
432,4,69,0.75,4,Moussorgsky_TableauxProm(24 mes)_ORCH+REDUC+piano.xml
432,4,77,0.75,4,Moussorgsky_TableauxProm(24 mes)_ORCH+REDUC+piano.xml
436,4,70,0.75,4,Moussorgsky_TableauxProm(24 mes)_ORCH+REDUC+piano.xml
436,4,75,0.75,4,Moussorgsky_TableauxProm(24 mes)_ORCH+REDUC+piano.xml
436,4,79,0.75,4,Moussorgsky_TableauxProm(24 mes)_ORCH+REDUC+piano.xml
440,4,77,0.75,4,Moussorgsky_TableauxProm(24 mes)_ORCH+REDUC+piano.xml
444,4,79,0.75,4,Moussorgsky_TableauxProm(24 mes)_ORCH+REDUC+piano.xml
448,4,77,0.75,4,Moussorgsky_TableauxProm(24 mes)_ORCH+REDUC+piano.xml
460,4,70,0.75,4,Moussorgsky_TableauxProm(24 mes)_ORCH+REDUC+piano.xml
460,4,76,0.75,4,Moussorgsky_TableauxProm(24 mes)_ORCH+REDUC+piano.xml
460,2,79,0.75,4,Moussorgsky_TableauxProm(24 mes)_ORCH+REDUC+piano.xml
462,2,82,0.75,4,Moussorgsky_TableauxProm(24 mes)_ORCH+REDUC+piano.xml
464,4,77,0.75,4,Moussorgsky_TableauxProm(24 mes)_ORCH+REDUC+piano.xml
468,4,79,0.75,4,Moussorgsky_TableauxProm(24 mes)_ORCH+REDUC+piano.xml
472,4,77,0.75,4,Moussorgsky_TableauxProm(24 mes)_ORCH+REDUC+piano.xml
520,4,62,0.75,4,Moussorgsky_TableauxProm(24 mes)_ORCH+REDUC+piano.xml
520,4,67,0.75,4,Moussorgsky_TableauxProm(24 mes)_ORCH+REDUC+piano.xml
524,4,60,0.75,4,Moussorgsky_TableauxProm(24 mes)_ORCH+REDUC+piano.xml
524,8,65,0.75,4,Moussorgsky_TableauxProm(24 mes)_ORCH+REDUC+piano.xml
528,4,70,0.75,4,Moussorgsky_TableauxProm(24 mes)_ORCH+REDUC+piano.xml
532,4,69,0.75,4,Moussorgsky_TableauxProm(24 mes)_ORCH+REDUC+piano.xml
532,2,72,0.75,4,Moussorgsky_TableauxProm(24 mes)_ORCH+REDUC+piano.xml
534,2,77,0.75,4,Moussorgsky_TableauxProm(24 mes)_ORCH+REDUC+piano.xml
536,8,70,0.75,4,Moussorgsky_TableauxProm(24 mes)_ORCH+REDUC+piano.xml
536,4,74,0.75,4,Moussorgsky_TableauxProm(24 mes)_ORCH+REDUC+piano.xml
540,4,67,0.75,4,Moussorgsky_TableauxProm(24 mes)_ORCH+REDUC+piano.xml
544,8,72,0.75,4,Moussorgsky_TableauxProm(24 mes)_ORCH+REDUC+piano.xml
544,4,75,0.75,4,Moussorgsky_TableauxProm(24 mes)_ORCH+REDUC+piano.xml
548,4,69,0.75,4,Moussorgsky_TableauxProm(24 mes)_ORCH+REDUC+piano.xml
552,4,65,0.75,4,Moussorgsky_TableauxProm(24 mes)_ORCH+REDUC+piano.xml
552,4,70,0.75,4,Moussorgsky_TableauxProm(24 mes)_ORCH+REDUC+piano.xml
