t0,dt,pitch,dyn,quantization,filename
0,4,55,0.75,4,Moussorgsky_TableauxProm(24 mes)_ORCH+REDUC+piano.xml
4,4,53,0.75,4,Moussorgsky_TableauxProm(24 mes)_ORCH+REDUC+piano.xml
8,4,58,0.75,4,Moussorgsky_TableauxProm(24 mes)_ORCH+REDUC+piano.xml
12,2,60,0.75,4,Moussorgsky_TableauxProm(24 mes)_ORCH+REDUC+piano.xml
14,2,65,0.75,4,Moussorgsky_TableauxProm(24 mes)_ORCH+REDUC+piano.xml
16,4,62,0.75,4,Moussorgsky_TableauxProm(24 mes)_ORCH+REDUC+piano.xml
20,2,60,0.75,4,Moussorgsky_TableauxProm(24 mes)_ORCH+REDUC+piano.xml
22,2,65,0.75,4,Moussorgsky_TableauxProm(24 mes)_ORCH+REDUC+piano.xml
24,4,62,0.75,4,Moussorgsky_TableauxProm(24 mes)_ORCH+REDUC+piano.xml
28,4,58,0.75,4,Moussorgsky_TableauxProm(24 mes)_ORCH+REDUC+piano.xml
32,4,60,0.75,4,Moussorgsky_TableauxProm(24 mes)_ORCH+REDUC+piano.xml
36,4,55,0.75,4,Moussorgsky_TableauxProm(24 mes)_ORCH+REDUC+piano.xml
40,4,53,0.75,4,Moussorgsky_TableauxProm(24 mes)_ORCH+REDUC+piano.xml
44,4,31,0.75,4,Moussorgsky_TableauxProm(24 mes)_ORCH+REDUC+piano.xml
44,4,43,0.75,4,Moussorgsky_TableauxProm(24 mes)_ORCH+REDUC+piano.xml
44,4,46,0.75,4,Moussorgsky_TableauxProm(24 mes)_ORCH+REDUC+piano.xml
44,4,50,0.75,4,Moussorgsky_TableauxProm(24 mes)_ORCH+REDUC+piano.xml
44,4,55,0.75,4,Moussorgsky_TableauxProm(24 mes)_ORCH+REDUC+piano.xml
48,4,33,0.75,4,Moussorgsky_TableauxProm(24 mes)_ORCH+REDUC+piano.xml
48,4,41,0.75,4,Moussorgsky_TableauxProm(24 mes)_ORCH+REDUC+piano.xml
48,4,45,0.75,4,Moussorgsky_TableauxProm(24 mes)_ORCH+REDUC+piano.xml
48,4,48,0.75,4,Moussorgsky_TableauxProm(24 mes)_ORCH+REDUC+piano.xml
48,4,53,0.75,4,Moussorgsky_TableauxProm(24 mes)_ORCH+REDUC+piano.xml
52,4,31,0.75,4,Moussorgsky_TableauxProm(24 mes)_ORCH+REDUC+piano.xml
52,4,43,0.75,4,Moussorgsky_TableauxProm(24 mes)_ORCH+REDUC+piano.xml
52,4,46,0.75,4,Moussorgsky_TableauxProm(24 mes)_ORCH+REDUC+piano.xml
52,4,50,0.75,4,Moussorgsky_TableauxProm(24 mes)_ORCH+REDUC+piano.xml
52,4,58,0.75,4,Moussorgsky_TableauxProm(24 mes)_ORCH+REDUC+piano.xml
56,4,29,0.75,4,Moussorgsky_TableauxProm(24 mes)_ORCH+REDUC+piano.xml
56,4,41,0.75,4,Moussorgsky_TableauxProm(24 mes)_ORCH+REDUC+piano.xml
56,4,48,0.75,4,Moussorgsky_TableauxProm(24 mes)_ORCH+REDUC+piano.xml
56,12,57,0.75,4,Moussorgsky_TableauxProm(24 mes)_ORCH+REDUC+piano.xml
56,2,60,0.75,4,Moussorgsky_TableauxProm(24 mes)_ORCH+REDUC+piano.xml
58,2,65,0.75,4,Moussorgsky_TableauxProm(24 mes)_ORCH+REDUC+piano.xml
60,4,26,0.75,4,Moussorgsky_TableauxProm(24 mes)_ORCH+REDUC+piano.xml
60,4,38,0.75,4,Moussorgsky_TableauxProm(24 mes)_ORCH+REDUC+piano.xml
60,4,53,0.75,4,Moussorgsky_TableauxProm(24 mes)_ORCH+REDUC+piano.xml
60,4,62,0.75,4,Moussorgsky_TableauxProm(24 mes)_ORCH+REDUC+piano.xml
64,4,29,0.75,4,Moussorgsky_TableauxProm(24 mes)_ORCH+REDUC+piano.xml
64,4,41,0.75,4,Moussorgsky_TableauxProm(24 mes)_ORCH+REDUC+piano.xml
64,4,48,0.75,4,Moussorgsky_TableauxProm(24 mes)_ORCH+REDUC+piano.xml
64,2,60,0.75,4,Moussorgsky_TableauxProm(24 mes)_ORCH+REDUC+piano.xml
66,2,65,0.75,4,Moussorgsky_TableauxProm(24 mes)_ORCH+REDUC+piano.xml
68,4,34,0.75,4,Moussorgsky_TableauxProm(24 mes)_ORCH+REDUC+piano.xml
68,4,46,0.75,4,Moussorgsky_TableauxProm(24 mes)_ORCH+REDUC+piano.xml
68,4,53,0.75,4,Moussorgsky_TableauxProm(24 mes)_ORCH+REDUC+piano.xml
68,8,58,0.75,4,Moussorgsky_TableauxProm(24 mes)_ORCH+REDUC+piano.xml
68,4,62,0.75,4,Moussorgsky_TableauxProm(24 mes)_ORCH+REDUC+piano.xml
72,4,31,0.75,4,Moussorgsky_TableauxProm(24 mes)_ORCH+REDUC+piano.xml
72,4,43,0.75,4,Moussorgsky_TableauxProm(24 mes)_ORCH+REDUC+piano.xml
72,4,50,0.75,4,Moussorgsky_TableauxProm(24 mes)_ORCH+REDUC+piano.xml
72,12,55,0.75,4,Moussorgsky_TableauxProm(24 mes)_ORCH+REDUC+piano.xml
76,4,24,0.75,4,Moussorgsky_TableauxProm(24 mes)_ORCH+REDUC+piano.xml
76,4,36,0.75,4,Moussorgsky_TableauxProm(24 mes)_ORCH+REDUC+piano.xml
76,4,52,0.75,4,Moussorgsky_TableauxProm(24 mes)_ORCH+REDUC+piano.xml
76,4,60,0.75,4,Moussorgsky_TableauxProm(24 mes)_ORCH+REDUC+piano.xml
80,4,28,0.75,4,Moussorgsky_TableauxProm(24 mes)_ORCH+REDUC+piano.xml
80,4,40,0.75,4,Moussorgsky_TableauxProm(24 mes)_ORCH+REDUC+piano.xml
80,4,43,0.75,4,Moussorgsky_TableauxProm(24 mes)_ORCH+REDUC+piano.xml
80,8,48,0.75,4,Moussorgsky_TableauxProm(24 mes)_ORCH+REDUC+piano.xml
84,4,29,0.75,4,Moussorgsky_TableauxProm(24 mes)_ORCH+REDUC+piano.xml
84,4,41,0.75,4,Moussorgsky_TableauxProm(24 mes)_ORCH+REDUC+piano.xml
84,4,45,0.75,4,Moussorgsky_TableauxProm(24 mes)_ORCH+REDUC+piano.xml
84,8,53,0.75,4,Moussorgsky_TableauxProm(24 mes)_ORCH+REDUC+piano.xml
92,4,55,0.75,4,Moussorgsky_TableauxProm(24 mes)_ORCH+REDUC+piano.xml
96,4,50,0.75,4,Moussorgsky_TableauxProm(24 mes)_ORCH+REDUC+piano.xml
100,2,53,0.75,4,Moussorgsky_TableauxProm(24 mes)_ORCH+REDUC+piano.xml
102,2,55,0.75,4,Moussorgsky_TableauxProm(24 mes)_ORCH+REDUC+piano.xml
104,4,48,0.75,4,Moussorgsky_TableauxProm(24 mes)_ORCH+REDUC+piano.xml
108,2,55,0.75,4,Moussorgsky_TableauxProm(24 mes)_ORCH+REDUC+piano.xml
110,2,57,0.75,4,Moussorgsky_TableauxProm(24 mes)_ORCH+REDUC+piano.xml
112,24,53,0.75,4,Moussorgsky_TableauxProm(24 mes)_ORCH+REDUC+piano.xml
116,4,29,0.75,4,Moussorgsky_TableauxProm(24 mes)_ORCH+REDUC+piano.xml
116,4,41,0.75,4,Moussorgsky_TableauxProm(24 mes)_ORCH+REDUC+piano.xml
116,4,65,0.75,4,Moussorgsky_TableauxProm(24 mes)_ORCH+REDUC+piano.xml
120,4,34,0.75,4,Moussorgsky_TableauxProm(24 mes)_ORCH+REDUC+piano.xml
120,4,46,0.75,4,Moussorgsky_TableauxProm(24 mes)_ORCH+REDUC+piano.xml
120,4,62,0.75,4,Moussorgsky_TableauxProm(24 mes)_ORCH+REDUC+piano.xml
124,4,31,0.75,4,Moussorgsky_TableauxProm(24 mes)_ORCH+REDUC+piano.xml
124,4,43,0.75,4,Moussorgsky_TableauxProm(24 mes)_ORCH+REDUC+piano.xml
124,2,60,0.75,4,Moussorgsky_TableauxProm(24 mes)_ORCH+REDUC+piano.xml
126,2,58,0.75,4,Moussorgsky_TableauxProm(24 mes)_ORCH+REDUC+piano.xml
128,4,29,0.75,4,Moussorgsky_TableauxProm(24 mes)_ORCH+REDUC+piano.xml
128,4,41,0.75,4,Moussorgsky_TableauxProm(24 mes)_ORCH+REDUC+piano.xml
136,4,55,0.75,4,Moussorgsky_TableauxProm(24 mes)_ORCH+REDUC+piano.xml
140,4,50,0.75,4,Moussorgsky_TableauxProm(24 mes)_ORCH+REDUC+piano.xml
144,2,53,0.75,4,Moussorgsky_TableauxProm(24 mes)_ORCH+REDUC+piano.xml
146,2,55,0.75,4,Moussorgsky_TableauxProm(24 mes)_ORCH+REDUC+piano.xml
148,4,51,0.75,4,Moussorgsky_TableauxProm(24 mes)_ORCH+REDUC+piano.xml
152,2,58,0.75,4,Moussorgsky_TableauxProm(24 mes)_ORCH+REDUC+piano.xml
154,2,60,0.75,4,Moussorgsky_TableauxProm(24 mes)_ORCH+REDUC+piano.xml
156,24,56,0.75,4,Moussorgsky_TableauxProm(24 mes)_ORCH+REDUC+piano.xml
160,4,32,0.75,4,Moussorgsky_TableauxProm(24 mes)_ORCH+REDUC+piano.xml
160,4,44,0.75,4,Moussorgsky_TableauxProm(24 mes)_ORCH+REDUC+piano.xml
160,4,68,0.75,4,Moussorgsky_TableauxProm(24 mes)_ORCH+REDUC+piano.xml
164,4,37,0.75,4,Moussorgsky_TableauxProm(24 mes)_ORCH+REDUC+piano.xml
164,4,49,0.75,4,Moussorgsky_TableauxProm(24 mes)_ORCH+REDUC+piano.xml
164,4,65,0.75,4,Moussorgsky_TableauxProm(24 mes)_ORCH+REDUC+piano.xml
168,4,34,0.75,4,Moussorgsky_TableauxProm(24 mes)_ORCH+REDUC+piano.xml
168,4,46,0.75,4,Moussorgsky_TableauxProm(24 mes)_ORCH+REDUC+piano.xml
168,2,63,0.75,4,Moussorgsky_TableauxProm(24 mes)_ORCH+REDUC+piano.xml
170,2,61,0.75,4,Moussorgsky_TableauxProm(24 mes)_ORCH+REDUC+piano.xml
172,4,32,0.75,4,Moussorgsky_TableauxProm(24 mes)_ORCH+REDUC+piano.xml
172,8,44,0.75,4,Moussorgsky_TableauxProm(24 mes)_ORCH+REDUC+piano.xml
176,8,18,0.75,4,Moussorgsky_TableauxProm(24 mes)_ORCH+REDUC+piano.xml
176,8,30,0.75,4,Moussorgsky_TableauxProm(24 mes)_ORCH+REDUC+piano.xml
176,24,51,0.75,4,Moussorgsky_TableauxProm(24 mes)_ORCH+REDUC+piano.xml
180,4,46,0.75,4,Moussorgsky_TableauxProm(24 mes)_ORCH+REDUC+piano.xml
180,4,58,0.75,4,Moussorgsky_TableauxProm(24 mes)_ORCH+REDUC+piano.xml
184,4,17,0.75,4,Moussorgsky_TableauxProm(24 mes)_ORCH+REDUC+piano.xml
184,4,29,0.75,4,Moussorgsky_TableauxProm(24 mes)_ORCH+REDUC+piano.xml
184,4,44,0.75,4,Moussorgsky_TableauxProm(24 mes)_ORCH+REDUC+piano.xml
184,4,56,0.75,4,Moussorgsky_TableauxProm(24 mes)_ORCH+REDUC+piano.xml
188,8,18,0.75,4,Moussorgsky_TableauxProm(24 mes)_ORCH+REDUC+piano.xml
188,12,30,0.75,4,Moussorgsky_TableauxProm(24 mes)_ORCH+REDUC+piano.xml
188,2,46,0.75,4,Moussorgsky_TableauxProm(24 mes)_ORCH+REDUC+piano.xml
188,2,58,0.75,4,Moussorgsky_TableauxProm(24 mes)_ORCH+REDUC+piano.xml
190,2,48,0.75,4,Moussorgsky_TableauxProm(24 mes)_ORCH+REDUC+piano.xml
190,2,60,0.75,4,Moussorgsky_TableauxProm(24 mes)_ORCH+REDUC+piano.xml
192,2,63,0.75,4,Moussorgsky_TableauxProm(24 mes)_ORCH+REDUC+piano.xml
194,2,46,0.75,4,Moussorgsky_TableauxProm(24 mes)_ORCH+REDUC+piano.xml
194,2,58,0.75,4,Moussorgsky_TableauxProm(24 mes)_ORCH+REDUC+piano.xml
196,4,42,0.75,4,Moussorgsky_TableauxProm(24 mes)_ORCH+REDUC+piano.xml
196,4,44,0.75,4,Moussorgsky_TableauxProm(24 mes)_ORCH+REDUC+piano.xml
196,10,56,0.75,4,Moussorgsky_TableauxProm(24 mes)_ORCH+REDUC+piano.xml
200,2,29,0.75,4,Moussorgsky_TableauxProm(24 mes)_ORCH+REDUC+piano.xml
200,2,41,0.75,4,Moussorgsky_TableauxProm(24 mes)_ORCH+REDUC+piano.xml
200,2,49,0.75,4,Moussorgsky_TableauxProm(24 mes)_ORCH+REDUC+piano.xml
200,2,53,0.75,4,Moussorgsky_TableauxProm(24 mes)_ORCH+REDUC+piano.xml
200,2,61,0.75,4,Moussorgsky_TableauxProm(24 mes)_ORCH+REDUC+piano.xml
202,2,27,0.75,4,Moussorgsky_TableauxProm(24 mes)_ORCH+REDUC+piano.xml
202,2,39,0.75,4,Moussorgsky_TableauxProm(24 mes)_ORCH+REDUC+piano.xml
202,2,51,0.75,4,Moussorgsky_TableauxProm(24 mes)_ORCH+REDUC+piano.xml
202,2,60,0.75,4,Moussorgsky_TableauxProm(24 mes)_ORCH+REDUC+piano.xml
202,2,63,0.75,4,Moussorgsky_TableauxProm(24 mes)_ORCH+REDUC+piano.xml
204,4,25,0.75,4,Moussorgsky_TableauxProm(24 mes)_ORCH+REDUC+piano.xml
204,4,37,0.75,4,Moussorgsky_TableauxProm(24 mes)_ORCH+REDUC+piano.xml
204,2,53,0.75,4,Moussorgsky_TableauxProm(24 mes)_ORCH+REDUC+piano.xml
204,2,61,0.75,4,Moussorgsky_TableauxProm(24 mes)_ORCH+REDUC+piano.xml
204,2,65,0.75,4,Moussorgsky_TableauxProm(24 mes)_ORCH+REDUC+piano.xml
206,2,68,0.75,4,Moussorgsky_TableauxProm(24 mes)_ORCH+REDUC+piano.xml
208,2,27,0.75,4,Moussorgsky_TableauxProm(24 mes)_ORCH+REDUC+piano.xml
208,2,39,0.75,4,Moussorgsky_TableauxProm(24 mes)_ORCH+REDUC+piano.xml
208,2,54,0.75,4,Moussorgsky_TableauxProm(24 mes)_ORCH+REDUC+piano.xml
208,2,58,0.75,4,Moussorgsky_TableauxProm(24 mes)_ORCH+REDUC+piano.xml
208,2,63,0.75,4,Moussorgsky_TableauxProm(24 mes)_ORCH+REDUC+piano.xml
208,2,66,0.75,4,Moussorgsky_TableauxProm(24 mes)_ORCH+REDUC+piano.xml
210,2,29,0.75,4,Moussorgsky_TableauxProm(24 mes)_ORCH+REDUC+piano.xml
210,2,41,0.75,4,Moussorgsky_TableauxProm(24 mes)_ORCH+REDUC+piano.xml
210,2,53,0.75,4,Moussorgsky_TableauxProm(24 mes)_ORCH+REDUC+piano.xml
210,4,56,0.75,4,Moussorgsky_TableauxProm(24 mes)_ORCH+REDUC+piano.xml
210,2,61,0.75,4,Moussorgsky_TableauxProm(24 mes)_ORCH+REDUC+piano.xml
210,2,65,0.75,4,Moussorgsky_TableauxProm(24 mes)_ORCH+REDUC+piano.xml
212,4,32,0.75,4,Moussorgsky_TableauxProm(24 mes)_ORCH+REDUC+piano.xml
212,4,44,0.75,4,Moussorgsky_TableauxProm(24 mes)_ORCH+REDUC+piano.xml
212,2,51,0.75,4,Moussorgsky_TableauxProm(24 mes)_ORCH+REDUC+piano.xml
212,2,60,0.75,4,Moussorgsky_TableauxProm(24 mes)_ORCH+REDUC+piano.xml
212,2,63,0.75,4,Moussorgsky_TableauxProm(24 mes)_ORCH+REDUC+piano.xml
214,2,54,0.75,4,Moussorgsky_TableauxProm(24 mes)_ORCH+REDUC+piano.xml
214,2,66,0.75,4,Moussorgsky_TableauxProm(24 mes)_ORCH+REDUC+piano.xml
216,4,34,0.75,4,Moussorgsky_TableauxProm(24 mes)_ORCH+REDUC+piano.xml
216,4,46,0.75,4,Moussorgsky_TableauxProm(24 mes)_ORCH+REDUC+piano.xml
216,2,53,0.75,4,Moussorgsky_TableauxProm(24 mes)_ORCH+REDUC+piano.xml
216,2,58,0.75,4,Moussorgsky_TableauxProm(24 mes)_ORCH+REDUC+piano.xml
216,4,61,0.75,4,Moussorgsky_TableauxProm(24 mes)_ORCH+REDUC+piano.xml
216,2,65,0.75,4,Moussorgsky_TableauxProm(24 mes)_ORCH+REDUC+piano.xml
218,2,49,0.75,4,Moussorgsky_TableauxProm(24 mes)_ORCH+REDUC+piano.xml
220,4,32,0.75,4,Moussorgsky_TableauxProm(24 mes)_ORCH+REDUC+piano.xml
220,8,44,0.75,4,Moussorgsky_TableauxProm(24 mes)_ORCH+REDUC+piano.xml
220,22,51,0.75,4,Moussorgsky_TableauxProm(24 mes)_ORCH+REDUC+piano.xml
220,8,56,0.75,4,Moussorgsky_TableauxProm(24 mes)_ORCH+REDUC+piano.xml
220,4,60,0.75,4,Moussorgsky_TableauxProm(24 mes)_ORCH+REDUC+piano.xml
220,4,63,0.75,4,Moussorgsky_TableauxProm(24 mes)_ORCH+REDUC+piano.xml
224,8,18,0.75,4,Moussorgsky_TableauxProm(24 mes)_ORCH+REDUC+piano.xml
224,8,30,0.75,4,Moussorgsky_TableauxProm(24 mes)_ORCH+REDUC+piano.xml
228,4,46,0.75,4,Moussorgsky_TableauxProm(24 mes)_ORCH+REDUC+piano.xml
228,4,58,0.75,4,Moussorgsky_TableauxProm(24 mes)_ORCH+REDUC+piano.xml
232,4,17,0.75,4,Moussorgsky_TableauxProm(24 mes)_ORCH+REDUC+piano.xml
232,4,29,0.75,4,Moussorgsky_TableauxProm(24 mes)_ORCH+REDUC+piano.xml
232,4,44,0.75,4,Moussorgsky_TableauxProm(24 mes)_ORCH+REDUC+piano.xml
232,4,56,0.75,4,Moussorgsky_TableauxProm(24 mes)_ORCH+REDUC+piano.xml
236,4,18,0.75,4,Moussorgsky_TableauxProm(24 mes)_ORCH+REDUC+piano.xml
236,6,30,0.75,4,Moussorgsky_TableauxProm(24 mes)_ORCH+REDUC+piano.xml
236,2,46,0.75,4,Moussorgsky_TableauxProm(24 mes)_ORCH+REDUC+piano.xml
236,2,58,0.75,4,Moussorgsky_TableauxProm(24 mes)_ORCH+REDUC+piano.xml
238,2,48,0.75,4,Moussorgsky_TableauxProm(24 mes)_ORCH+REDUC+piano.xml
238,2,60,0.75,4,Moussorgsky_TableauxProm(24 mes)_ORCH+REDUC+piano.xml
240,2,42,0.75,4,Moussorgsky_TableauxProm(24 mes)_ORCH+REDUC+piano.xml
240,2,63,0.75,4,Moussorgsky_TableauxProm(24 mes)_ORCH+REDUC+piano.xml
242,2,46,0.75,4,Moussorgsky_TableauxProm(24 mes)_ORCH+REDUC+piano.xml
242,2,58,0.75,4,Moussorgsky_TableauxProm(24 mes)_ORCH+REDUC+piano.xml
244,8,22,0.75,4,Moussorgsky_TableauxProm(24 mes)_ORCH+REDUC+piano.xml
244,8,34,0.75,4,Moussorgsky_TableauxProm(24 mes)_ORCH+REDUC+piano.xml
244,4,48,0.75,4,Moussorgsky_TableauxProm(24 mes)_ORCH+REDUC+piano.xml
244,24,55,0.75,4,Moussorgsky_TableauxProm(24 mes)_ORCH+REDUC+piano.xml
244,4,60,0.75,4,Moussorgsky_TableauxProm(24 mes)_ORCH+REDUC+piano.xml
248,4,50,0.75,4,Moussorgsky_TableauxProm(24 mes)_ORCH+REDUC+piano.xml
248,4,62,0.75,4,Moussorgsky_TableauxProm(24 mes)_ORCH+REDUC+piano.xml
252,4,21,0.75,4,Moussorgsky_TableauxProm(24 mes)_ORCH+REDUC+piano.xml
252,4,33,0.75,4,Moussorgsky_TableauxProm(24 mes)_ORCH+REDUC+piano.xml
252,4,48,0.75,4,Moussorgsky_TableauxProm(24 mes)_ORCH+REDUC+piano.xml
252,4,60,0.75,4,Moussorgsky_TableauxProm(24 mes)_ORCH+REDUC+piano.xml
256,8,22,0.75,4,Moussorgsky_TableauxProm(24 mes)_ORCH+REDUC+piano.xml
256,12,34,0.75,4,Moussorgsky_TableauxProm(24 mes)_ORCH+REDUC+piano.xml
256,2,50,0.75,4,Moussorgsky_TableauxProm(24 mes)_ORCH+REDUC+piano.xml
256,2,62,0.75,4,Moussorgsky_TableauxProm(24 mes)_ORCH+REDUC+piano.xml
258,2,53,0.75,4,Moussorgsky_TableauxProm(24 mes)_ORCH+REDUC+piano.xml
258,2,65,0.75,4,Moussorgsky_TableauxProm(24 mes)_ORCH+REDUC+piano.xml
260,2,67,0.75,4,Moussorgsky_TableauxProm(24 mes)_ORCH+REDUC+piano.xml
262,2,50,0.75,4,Moussorgsky_TableauxProm(24 mes)_ORCH+REDUC+piano.xml
262,2,62,0.75,4,Moussorgsky_TableauxProm(24 mes)_ORCH+REDUC+piano.xml
264,4,46,0.75,4,Moussorgsky_TableauxProm(24 mes)_ORCH+REDUC+piano.xml
264,4,48,0.75,4,Moussorgsky_TableauxProm(24 mes)_ORCH+REDUC+piano.xml
264,12,60,0.75,4,Moussorgsky_TableauxProm(24 mes)_ORCH+REDUC+piano.xml
268,2,33,0.75,4,Moussorgsky_TableauxProm(24 mes)_ORCH+REDUC+piano.xml
268,2,45,0.75,4,Moussorgsky_TableauxProm(24 mes)_ORCH+REDUC+piano.xml
268,2,53,0.75,4,Moussorgsky_TableauxProm(24 mes)_ORCH+REDUC+piano.xml
268,2,57,0.75,4,Moussorgsky_TableauxProm(24 mes)_ORCH+REDUC+piano.xml
268,2,65,0.75,4,Moussorgsky_TableauxProm(24 mes)_ORCH+REDUC+piano.xml
270,2,31,0.75,4,Moussorgsky_TableauxProm(24 mes)_ORCH+REDUC+piano.xml
270,2,43,0.75,4,Moussorgsky_TableauxProm(24 mes)_ORCH+REDUC+piano.xml
270,2,55,0.75,4,Moussorgsky_TableauxProm(24 mes)_ORCH+REDUC+piano.xml
270,2,64,0.75,4,Moussorgsky_TableauxProm(24 mes)_ORCH+REDUC+piano.xml
270,2,67,0.75,4,Moussorgsky_TableauxProm(24 mes)_ORCH+REDUC+piano.xml
272,4,29,0.75,4,Moussorgsky_TableauxProm(24 mes)_ORCH+REDUC+piano.xml
272,4,41,0.75,4,Moussorgsky_TableauxProm(24 mes)_ORCH+REDUC+piano.xml
272,2,57,0.75,4,Moussorgsky_TableauxProm(24 mes)_ORCH+REDUC+piano.xml
272,2,65,0.75,4,Moussorgsky_TableauxProm(24 mes)_ORCH+REDUC+piano.xml
272,2,69,0.75,4,Moussorgsky_TableauxProm(24 mes)_ORCH+REDUC+piano.xml
274,2,72,0.75,4,Moussorgsky_TableauxProm(24 mes)_ORCH+REDUC+piano.xml
276,2,31,0.75,4,Moussorgsky_TableauxProm(24 mes)_ORCH+REDUC+piano.xml
276,2,43,0.75,4,Moussorgsky_TableauxProm(24 mes)_ORCH+REDUC+piano.xml
276,2,58,0.75,4,Moussorgsky_TableauxProm(24 mes)_ORCH+REDUC+piano.xml
276,2,62,0.75,4,Moussorgsky_TableauxProm(24 mes)_ORCH+REDUC+piano.xml
276,2,67,0.75,4,Moussorgsky_TableauxProm(24 mes)_ORCH+REDUC+piano.xml
276,2,70,0.75,4,Moussorgsky_TableauxProm(24 mes)_ORCH+REDUC+piano.xml
278,2,33,0.75,4,Moussorgsky_TableauxProm(24 mes)_ORCH+REDUC+piano.xml
278,2,45,0.75,4,Moussorgsky_TableauxProm(24 mes)_ORCH+REDUC+piano.xml
278,2,57,0.75,4,Moussorgsky_TableauxProm(24 mes)_ORCH+REDUC+piano.xml
278,4,60,0.75,4,Moussorgsky_TableauxProm(24 mes)_ORCH+REDUC+piano.xml
278,2,65,0.75,4,Moussorgsky_TableauxProm(24 mes)_ORCH+REDUC+piano.xml
278,2,69,0.75,4,Moussorgsky_TableauxProm(24 mes)_ORCH+REDUC+piano.xml
280,4,36,0.75,4,Moussorgsky_TableauxProm(24 mes)_ORCH+REDUC+piano.xml
280,4,48,0.75,4,Moussorgsky_TableauxProm(24 mes)_ORCH+REDUC+piano.xml
280,2,55,0.75,4,Moussorgsky_TableauxProm(24 mes)_ORCH+REDUC+piano.xml
280,2,64,0.75,4,Moussorgsky_TableauxProm(24 mes)_ORCH+REDUC+piano.xml
280,2,67,0.75,4,Moussorgsky_TableauxProm(24 mes)_ORCH+REDUC+piano.xml
282,2,58,0.75,4,Moussorgsky_TableauxProm(24 mes)_ORCH+REDUC+piano.xml
282,2,70,0.75,4,Moussorgsky_TableauxProm(24 mes)_ORCH+REDUC+piano.xml
284,4,38,0.75,4,Moussorgsky_TableauxProm(24 mes)_ORCH+REDUC+piano.xml
284,4,50,0.75,4,Moussorgsky_TableauxProm(24 mes)_ORCH+REDUC+piano.xml
284,2,57,0.75,4,Moussorgsky_TableauxProm(24 mes)_ORCH+REDUC+piano.xml
284,2,62,0.75,4,Moussorgsky_TableauxProm(24 mes)_ORCH+REDUC+piano.xml
284,4,65,0.75,4,Moussorgsky_TableauxProm(24 mes)_ORCH+REDUC+piano.xml
284,2,69,0.75,4,Moussorgsky_TableauxProm(24 mes)_ORCH+REDUC+piano.xml
286,2,53,0.75,4,Moussorgsky_TableauxProm(24 mes)_ORCH+REDUC+piano.xml
288,4,36,0.75,4,Moussorgsky_TableauxProm(24 mes)_ORCH+REDUC+piano.xml
288,4,48,0.75,4,Moussorgsky_TableauxProm(24 mes)_ORCH+REDUC+piano.xml
288,4,55,0.75,4,Moussorgsky_TableauxProm(24 mes)_ORCH+REDUC+piano.xml
288,8,60,0.75,4,Moussorgsky_TableauxProm(24 mes)_ORCH+REDUC+piano.xml
288,4,64,0.75,4,Moussorgsky_TableauxProm(24 mes)_ORCH+REDUC+piano.xml
288,4,67,0.75,4,Moussorgsky_TableauxProm(24 mes)_ORCH+REDUC+piano.xml
292,4,33,0.75,4,Moussorgsky_TableauxProm(24 mes)_ORCH+REDUC+piano.xml
292,4,45,0.75,4,Moussorgsky_TableauxProm(24 mes)_ORCH+REDUC+piano.xml
292,4,57,0.75,4,Moussorgsky_TableauxProm(24 mes)_ORCH+REDUC+piano.xml
292,2,69,0.75,4,Moussorgsky_TableauxProm(24 mes)_ORCH+REDUC+piano.xml
294,2,64,0.75,4,Moussorgsky_TableauxProm(24 mes)_ORCH+REDUC+piano.xml
296,4,34,0.75,4,Moussorgsky_TableauxProm(24 mes)_ORCH+REDUC+piano.xml
296,4,46,0.75,4,Moussorgsky_TableauxProm(24 mes)_ORCH+REDUC+piano.xml
296,4,53,0.75,4,Moussorgsky_TableauxProm(24 mes)_ORCH+REDUC+piano.xml
296,4,62,0.75,4,Moussorgsky_TableauxProm(24 mes)_ORCH+REDUC+piano.xml
296,4,65,0.75,4,Moussorgsky_TableauxProm(24 mes)_ORCH+REDUC+piano.xml
300,4,29,0.75,4,Moussorgsky_TableauxProm(24 mes)_ORCH+REDUC+piano.xml
300,4,41,0.75,4,Moussorgsky_TableauxProm(24 mes)_ORCH+REDUC+piano.xml
300,4,57,0.75,4,Moussorgsky_TableauxProm(24 mes)_ORCH+REDUC+piano.xml
300,4,60,0.75,4,Moussorgsky_TableauxProm(24 mes)_ORCH+REDUC+piano.xml
300,4,69,0.75,4,Moussorgsky_TableauxProm(24 mes)_ORCH+REDUC+piano.xml
304,4,31,0.75,4,Moussorgsky_TableauxProm(24 mes)_ORCH+REDUC+piano.xml
304,4,43,0.75,4,Moussorgsky_TableauxProm(24 mes)_ORCH+REDUC+piano.xml
304,4,52,0.75,4,Moussorgsky_TableauxProm(24 mes)_ORCH+REDUC+piano.xml
304,4,58,0.75,4,Moussorgsky_TableauxProm(24 mes)_ORCH+REDUC+piano.xml
304,4,62,0.75,4,Moussorgsky_TableauxProm(24 mes)_ORCH+REDUC+piano.xml
308,4,29,0.75,4,Moussorgsky_TableauxProm(24 mes)_ORCH+REDUC+piano.xml
308,4,41,0.75,4,Moussorgsky_TableauxProm(24 mes)_ORCH+REDUC+piano.xml
308,4,57,0.75,4,Moussorgsky_TableauxProm(24 mes)_ORCH+REDUC+piano.xml
308,4,60,0.75,4,Moussorgsky_TableauxProm(24 mes)_ORCH+REDUC+piano.xml
308,4,69,0.75,4,Moussorgsky_TableauxProm(24 mes)_ORCH+REDUC+piano.xml
312,4,31,0.75,4,Moussorgsky_TableauxProm(24 mes)_ORCH+REDUC+piano.xml
312,4,43,0.75,4,Moussorgsky_TableauxProm(24 mes)_ORCH+REDUC+piano.xml
312,4,52,0.75,4,Moussorgsky_TableauxProm(24 mes)_ORCH+REDUC+piano.xml
312,4,58,0.75,4,Moussorgsky_TableauxProm(24 mes)_ORCH+REDUC+piano.xml
312,4,62,0.75,4,Moussorgsky_TableauxProm(24 mes)_ORCH+REDUC+piano.xml
316,4,26,0.75,4,Moussorgsky_TableauxProm(24 mes)_ORCH+REDUC+piano.xml
316,4,38,0.75,4,Moussorgsky_TableauxProm(24 mes)_ORCH+REDUC+piano.xml
316,24,53,0.75,4,Moussorgsky_TableauxProm(24 mes)_ORCH+REDUC+piano.xml
316,4,57,0.75,4,Moussorgsky_TableauxProm(24 mes)_ORCH+REDUC+piano.xml
316,2,65,0.75,4,Moussorgsky_TableauxProm(24 mes)_ORCH+REDUC+piano.xml
318,2,60,0.75,4,Moussorgsky_TableauxProm(24 mes)_ORCH+REDUC+piano.xml
320,4,31,0.75,4,Moussorgsky_TableauxProm(24 mes)_ORCH+REDUC+piano.xml
320,4,43,0.75,4,Moussorgsky_TableauxProm(24 mes)_ORCH+REDUC+piano.xml
320,4,58,0.75,4,Moussorgsky_TableauxProm(24 mes)_ORCH+REDUC+piano.xml
320,4,62,0.75,4,Moussorgsky_TableauxProm(24 mes)_ORCH+REDUC+piano.xml
324,4,26,0.75,4,Moussorgsky_TableauxProm(24 mes)_ORCH+REDUC+piano.xml
324,4,38,0.75,4,Moussorgsky_TableauxProm(24 mes)_ORCH+REDUC+piano.xml
324,4,57,0.75,4,Moussorgsky_TableauxProm(24 mes)_ORCH+REDUC+piano.xml
324,4,65,0.75,4,Moussorgsky_TableauxProm(24 mes)_ORCH+REDUC+piano.xml
328,4,31,0.75,4,Moussorgsky_TableauxProm(24 mes)_ORCH+REDUC+piano.xml
328,4,43,0.75,4,Moussorgsky_TableauxProm(24 mes)_ORCH+REDUC+piano.xml
328,4,58,0.75,4,Moussorgsky_TableauxProm(24 mes)_ORCH+REDUC+piano.xml
328,4,62,0.75,4,Moussorgsky_TableauxProm(24 mes)_ORCH+REDUC+piano.xml
332,4,26,0.75,4,Moussorgsky_TableauxProm(24 mes)_ORCH+REDUC+piano.xml
332,4,38,0.75,4,Moussorgsky_TableauxProm(24 mes)_ORCH+REDUC+piano.xml
332,4,57,0.75,4,Moussorgsky_TableauxProm(24 mes)_ORCH+REDUC+piano.xml
332,2,65,0.75,4,Moussorgsky_TableauxProm(24 mes)_ORCH+REDUC+piano.xml
334,2,60,0.75,4,Moussorgsky_TableauxProm(24 mes)_ORCH+REDUC+piano.xml
336,4,31,0.75,4,Moussorgsky_TableauxProm(24 mes)_ORCH+REDUC+piano.xml
336,4,43,0.75,4,Moussorgsky_TableauxProm(24 mes)_ORCH+REDUC+piano.xml
336,4,58,0.75,4,Moussorgsky_TableauxProm(24 mes)_ORCH+REDUC+piano.xml
336,4,62,0.75,4,Moussorgsky_TableauxProm(24 mes)_ORCH+REDUC+piano.xml
340,4,24,0.75,4,Moussorgsky_TableauxProm(24 mes)_ORCH+REDUC+piano.xml
340,4,36,0.75,4,Moussorgsky_TableauxProm(24 mes)_ORCH+REDUC+piano.xml
340,2,51,0.75,4,Moussorgsky_TableauxProm(24 mes)_ORCH+REDUC+piano.xml
340,4,55,0.75,4,Moussorgsky_TableauxProm(24 mes)_ORCH+REDUC+piano.xml
340,4,60,0.75,4,Moussorgsky_TableauxProm(24 mes)_ORCH+REDUC+piano.xml
342,2,52,0.75,4,Moussorgsky_TableauxProm(24 mes)_ORCH+REDUC+piano.xml
344,4,29,0.75,4,Moussorgsky_TableauxProm(24 mes)_ORCH+REDUC+piano.xml
344,4,41,0.75,4,Moussorgsky_TableauxProm(24 mes)_ORCH+REDUC+piano.xml
344,4,48,0.75,4,Moussorgsky_TableauxProm(24 mes)_ORCH+REDUC+piano.xml
344,8,53,0.75,4,Moussorgsky_TableauxProm(24 mes)_ORCH+REDUC+piano.xml
344,4,57,0.75,4,Moussorgsky_TableauxProm(24 mes)_ORCH+REDUC+piano.xml
348,4,31,0.75,4,Moussorgsky_TableauxProm(24 mes)_ORCH+REDUC+piano.xml
348,4,43,0.75,4,Moussorgsky_TableauxProm(24 mes)_ORCH+REDUC+piano.xml
348,4,50,0.75,4,Moussorgsky_TableauxProm(24 mes)_ORCH+REDUC+piano.xml
348,4,58,0.75,4,Moussorgsky_TableauxProm(24 mes)_ORCH+REDUC+piano.xml
352,4,24,0.75,4,Moussorgsky_TableauxProm(24 mes)_ORCH+REDUC+piano.xml
352,4,36,0.75,4,Moussorgsky_TableauxProm(24 mes)_ORCH+REDUC+piano.xml
352,2,51,0.75,4,Moussorgsky_TableauxProm(24 mes)_ORCH+REDUC+piano.xml
352,4,55,0.75,4,Moussorgsky_TableauxProm(24 mes)_ORCH+REDUC+piano.xml
352,4,60,0.75,4,Moussorgsky_TableauxProm(24 mes)_ORCH+REDUC+piano.xml
354,2,52,0.75,4,Moussorgsky_TableauxProm(24 mes)_ORCH+REDUC+piano.xml
356,4,29,0.75,4,Moussorgsky_TableauxProm(24 mes)_ORCH+REDUC+piano.xml
356,4,41,0.75,4,Moussorgsky_TableauxProm(24 mes)_ORCH+REDUC+piano.xml
356,8,53,0.75,4,Moussorgsky_TableauxProm(24 mes)_ORCH+REDUC+piano.xml
356,4,57,0.75,4,Moussorgsky_TableauxProm(24 mes)_ORCH+REDUC+piano.xml
360,4,31,0.75,4,Moussorgsky_TableauxProm(24 mes)_ORCH+REDUC+piano.xml
360,4,43,0.75,4,Moussorgsky_TableauxProm(24 mes)_ORCH+REDUC+piano.xml
360,4,50,0.75,4,Moussorgsky_TableauxProm(24 mes)_ORCH+REDUC+piano.xml
360,2,58,0.75,4,Moussorgsky_TableauxProm(24 mes)_ORCH+REDUC+piano.xml
362,2,62,0.75,4,Moussorgsky_TableauxProm(24 mes)_ORCH+REDUC+piano.xml
364,4,24,0.75,4,Moussorgsky_TableauxProm(24 mes)_ORCH+REDUC+piano.xml
364,4,36,0.75,4,Moussorgsky_TableauxProm(24 mes)_ORCH+REDUC+piano.xml
364,4,52,0.75,4,Moussorgsky_TableauxProm(24 mes)_ORCH+REDUC+piano.xml
364,4,55,0.75,4,Moussorgsky_TableauxProm(24 mes)_ORCH+REDUC+piano.xml
364,4,60,0.75,4,Moussorgsky_TableauxProm(24 mes)_ORCH+REDUC+piano.xml
368,4,29,0.75,4,Moussorgsky_TableauxProm(24 mes)_ORCH+REDUC+piano.xml
368,4,48,0.75,4,Moussorgsky_TableauxProm(24 mes)_ORCH+REDUC+piano.xml
368,4,50,0.75,4,Moussorgsky_TableauxProm(24 mes)_ORCH+REDUC+piano.xml
368,4,53,0.75,4,Moussorgsky_TableauxProm(24 mes)_ORCH+REDUC+piano.xml
368,4,57,0.75,4,Moussorgsky_TableauxProm(24 mes)_ORCH+REDUC+piano.xml
372,4,24,0.75,4,Moussorgsky_TableauxProm(24 mes)_ORCH+REDUC+piano.xml
372,4,36,0.75,4,Moussorgsky_TableauxProm(24 mes)_ORCH+REDUC+piano.xml
372,4,52,0.75,4,Moussorgsky_TableauxProm(24 mes)_ORCH+REDUC+piano.xml
372,4,55,0.75,4,Moussorgsky_TableauxProm(24 mes)_ORCH+REDUC+piano.xml
372,4,60,0.75,4,Moussorgsky_TableauxProm(24 mes)_ORCH+REDUC+piano.xml
376,4,17,0.75,4,Moussorgsky_TableauxProm(24 mes)_ORCH+REDUC+piano.xml
376,4,29,0.75,4,Moussorgsky_TableauxProm(24 mes)_ORCH+REDUC+piano.xml
376,4,53,0.75,4,Moussorgsky_TableauxProm(24 mes)_ORCH+REDUC+piano.xml
376,4,65,0.75,4,Moussorgsky_TableauxProm(24 mes)_ORCH+REDUC+piano.xml
380,4,19,0.75,4,Moussorgsky_TableauxProm(24 mes)_ORCH+REDUC+piano.xml
380,4,31,0.75,4,Moussorgsky_TableauxProm(24 mes)_ORCH+REDUC+piano.xml
380,2,51,0.75,4,Moussorgsky_TableauxProm(24 mes)_ORCH+REDUC+piano.xml
380,2,55,0.75,4,Moussorgsky_TableauxProm(24 mes)_ORCH+REDUC+piano.xml
380,2,58,0.75,4,Moussorgsky_TableauxProm(24 mes)_ORCH+REDUC+piano.xml
380,2,63,0.75,4,Moussorgsky_TableauxProm(24 mes)_ORCH+REDUC+piano.xml
382,2,50,0.75,4,Moussorgsky_TableauxProm(24 mes)_ORCH+REDUC+piano.xml
382,2,62,0.75,4,Moussorgsky_TableauxProm(24 mes)_ORCH+REDUC+piano.xml
384,2,21,0.75,4,Moussorgsky_TableauxProm(24 mes)_ORCH+REDUC+piano.xml
384,2,33,0.75,4,Moussorgsky_TableauxProm(24 mes)_ORCH+REDUC+piano.xml
384,2,48,0.75,4,Moussorgsky_TableauxProm(24 mes)_ORCH+REDUC+piano.xml
384,16,53,0.75,4,Moussorgsky_TableauxProm(24 mes)_ORCH+REDUC+piano.xml
384,2,57,0.75,4,Moussorgsky_TableauxProm(24 mes)_ORCH+REDUC+piano.xml
384,2,60,0.75,4,Moussorgsky_TableauxProm(24 mes)_ORCH+REDUC+piano.xml
386,2,22,0.75,4,Moussorgsky_TableauxProm(24 mes)_ORCH+REDUC+piano.xml
386,2,34,0.75,4,Moussorgsky_TableauxProm(24 mes)_ORCH+REDUC+piano.xml
386,2,50,0.75,4,Moussorgsky_TableauxProm(24 mes)_ORCH+REDUC+piano.xml
386,2,58,0.75,4,Moussorgsky_TableauxProm(24 mes)_ORCH+REDUC+piano.xml
388,4,21,0.75,4,Moussorgsky_TableauxProm(24 mes)_ORCH+REDUC+piano.xml
388,4,33,0.75,4,Moussorgsky_TableauxProm(24 mes)_ORCH+REDUC+piano.xml
388,4,48,0.75,4,Moussorgsky_TableauxProm(24 mes)_ORCH+REDUC+piano.xml
388,4,60,0.75,4,Moussorgsky_TableauxProm(24 mes)_ORCH+REDUC+piano.xml
392,4,22,0.75,4,Moussorgsky_TableauxProm(24 mes)_ORCH+REDUC+piano.xml
392,4,34,0.75,4,Moussorgsky_TableauxProm(24 mes)_ORCH+REDUC+piano.xml
392,4,50,0.75,4,Moussorgsky_TableauxProm(24 mes)_ORCH+REDUC+piano.xml
392,4,62,0.75,4,Moussorgsky_TableauxProm(24 mes)_ORCH+REDUC+piano.xml
396,4,21,0.75,4,Moussorgsky_TableauxProm(24 mes)_ORCH+REDUC+piano.xml
396,4,33,0.75,4,Moussorgsky_TableauxProm(24 mes)_ORCH+REDUC+piano.xml
396,4,57,0.75,4,Moussorgsky_TableauxProm(24 mes)_ORCH+REDUC+piano.xml
396,4,60,0.75,4,Moussorgsky_TableauxProm(24 mes)_ORCH+REDUC+piano.xml
396,4,65,0.75,4,Moussorgsky_TableauxProm(24 mes)_ORCH+REDUC+piano.xml
400,4,19,0.75,4,Moussorgsky_TableauxProm(24 mes)_ORCH+REDUC+piano.xml
400,4,31,0.75,4,Moussorgsky_TableauxProm(24 mes)_ORCH+REDUC+piano.xml
400,2,55,0.75,4,Moussorgsky_TableauxProm(24 mes)_ORCH+REDUC+piano.xml
400,4,58,0.75,4,Moussorgsky_TableauxProm(24 mes)_ORCH+REDUC+piano.xml
400,2,63,0.75,4,Moussorgsky_TableauxProm(24 mes)_ORCH+REDUC+piano.xml
400,2,67,0.75,4,Moussorgsky_TableauxProm(24 mes)_ORCH+REDUC+piano.xml
402,2,70,0.75,4,Moussorgsky_TableauxProm(24 mes)_ORCH+REDUC+piano.xml
404,4,17,0.75,4,Moussorgsky_TableauxProm(24 mes)_ORCH+REDUC+piano.xml
404,4,29,0.75,4,Moussorgsky_TableauxProm(24 mes)_ORCH+REDUC+piano.xml
404,4,53,0.75,4,Moussorgsky_TableauxProm(24 mes)_ORCH+REDUC+piano.xml
404,4,65,0.75,4,Moussorgsky_TableauxProm(24 mes)_ORCH+REDUC+piano.xml
408,4,19,0.75,4,Moussorgsky_TableauxProm(24 mes)_ORCH+REDUC+piano.xml
408,4,31,0.75,4,Moussorgsky_TableauxProm(24 mes)_ORCH+REDUC+piano.xml
408,4,55,0.75,4,Moussorgsky_TableauxProm(24 mes)_ORCH+REDUC+piano.xml
408,4,67,0.75,4,Moussorgsky_TableauxProm(24 mes)_ORCH+REDUC+piano.xml
412,4,17,0.75,4,Moussorgsky_TableauxProm(24 mes)_ORCH+REDUC+piano.xml
412,4,29,0.75,4,Moussorgsky_TableauxProm(24 mes)_ORCH+REDUC+piano.xml
412,4,53,0.75,4,Moussorgsky_TableauxProm(24 mes)_ORCH+REDUC+piano.xml
412,4,65,0.75,4,Moussorgsky_TableauxProm(24 mes)_ORCH+REDUC+piano.xml
416,4,19,0.75,4,Moussorgsky_TableauxProm(24 mes)_ORCH+REDUC+piano.xml
416,4,31,0.75,4,Moussorgsky_TableauxProm(24 mes)_ORCH+REDUC+piano.xml
416,2,51,0.75,4,Moussorgsky_TableauxProm(24 mes)_ORCH+REDUC+piano.xml
416,2,55,0.75,4,Moussorgsky_TableauxProm(24 mes)_ORCH+REDUC+piano.xml
416,2,58,0.75,4,Moussorgsky_TableauxProm(24 mes)_ORCH+REDUC+piano.xml
416,2,63,0.75,4,Moussorgsky_TableauxProm(24 mes)_ORCH+REDUC+piano.xml
418,2,50,0.75,4,Moussorgsky_TableauxProm(24 mes)_ORCH+REDUC+piano.xml
418,2,62,0.75,4,Moussorgsky_TableauxProm(24 mes)_ORCH+REDUC+piano.xml
420,2,21,0.75,4,Moussorgsky_TableauxProm(24 mes)_ORCH+REDUC+piano.xml
420,2,33,0.75,4,Moussorgsky_TableauxProm(24 mes)_ORCH+REDUC+piano.xml
420,2,48,0.75,4,Moussorgsky_TableauxProm(24 mes)_ORCH+REDUC+piano.xml
420,16,53,0.75,4,Moussorgsky_TableauxProm(24 mes)_ORCH+REDUC+piano.xml
420,2,57,0.75,4,Moussorgsky_TableauxProm(24 mes)_ORCH+REDUC+piano.xml
420,2,60,0.75,4,Moussorgsky_TableauxProm(24 mes)_ORCH+REDUC+piano.xml
422,2,22,0.75,4,Moussorgsky_TableauxProm(24 mes)_ORCH+REDUC+piano.xml
422,2,34,0.75,4,Moussorgsky_TableauxProm(24 mes)_ORCH+REDUC+piano.xml
422,2,50,0.75,4,Moussorgsky_TableauxProm(24 mes)_ORCH+REDUC+piano.xml
422,2,58,0.75,4,Moussorgsky_TableauxProm(24 mes)_ORCH+REDUC+piano.xml
424,4,21,0.75,4,Moussorgsky_TableauxProm(24 mes)_ORCH+REDUC+piano.xml
424,4,33,0.75,4,Moussorgsky_TableauxProm(24 mes)_ORCH+REDUC+piano.xml
424,4,48,0.75,4,Moussorgsky_TableauxProm(24 mes)_ORCH+REDUC+piano.xml
424,4,60,0.75,4,Moussorgsky_TableauxProm(24 mes)_ORCH+REDUC+piano.xml
428,4,22,0.75,4,Moussorgsky_TableauxProm(24 mes)_ORCH+REDUC+piano.xml
428,4,34,0.75,4,Moussorgsky_TableauxProm(24 mes)_ORCH+REDUC+piano.xml
428,4,50,0.75,4,Moussorgsky_TableauxProm(24 mes)_ORCH+REDUC+piano.xml
428,4,62,0.75,4,Moussorgsky_TableauxProm(24 mes)_ORCH+REDUC+piano.xml
432,4,21,0.75,4,Moussorgsky_TableauxProm(24 mes)_ORCH+REDUC+piano.xml
432,4,33,0.75,4,Moussorgsky_TableauxProm(24 mes)_ORCH+REDUC+piano.xml
432,4,57,0.75,4,Moussorgsky_TableauxProm(24 mes)_ORCH+REDUC+piano.xml
432,4,60,0.75,4,Moussorgsky_TableauxProm(24 mes)_ORCH+REDUC+piano.xml
432,4,65,0.75,4,Moussorgsky_TableauxProm(24 mes)_ORCH+REDUC+piano.xml
436,4,19,0.75,4,Moussorgsky_TableauxProm(24 mes)_ORCH+REDUC+piano.xml
436,4,31,0.75,4,Moussorgsky_TableauxProm(24 mes)_ORCH+REDUC+piano.xml
436,2,55,0.75,4,Moussorgsky_TableauxProm(24 mes)_ORCH+REDUC+piano.xml
436,4,58,0.75,4,Moussorgsky_TableauxProm(24 mes)_ORCH+REDUC+piano.xml
436,2,63,0.75,4,Moussorgsky_TableauxProm(24 mes)_ORCH+REDUC+piano.xml
436,2,67,0.75,4,Moussorgsky_TableauxProm(24 mes)_ORCH+REDUC+piano.xml
438,2,70,0.75,4,Moussorgsky_TableauxProm(24 mes)_ORCH+REDUC+piano.xml
440,4,17,0.75,4,Moussorgsky_TableauxProm(24 mes)_ORCH+REDUC+piano.xml
440,4,29,0.75,4,Moussorgsky_TableauxProm(24 mes)_ORCH+REDUC+piano.xml
440,4,53,0.75,4,Moussorgsky_TableauxProm(24 mes)_ORCH+REDUC+piano.xml
440,4,65,0.75,4,Moussorgsky_TableauxProm(24 mes)_ORCH+REDUC+piano.xml
444,4,19,0.75,4,Moussorgsky_TableauxProm(24 mes)_ORCH+REDUC+piano.xml
444,4,31,0.75,4,Moussorgsky_TableauxProm(24 mes)_ORCH+REDUC+piano.xml
444,4,55,0.75,4,Moussorgsky_TableauxProm(24 mes)_ORCH+REDUC+piano.xml
444,4,67,0.75,4,Moussorgsky_TableauxProm(24 mes)_ORCH+REDUC+piano.xml
448,4,17,0.75,4,Moussorgsky_TableauxProm(24 mes)_ORCH+REDUC+piano.xml
448,4,29,0.75,4,Moussorgsky_TableauxProm(24 mes)_ORCH+REDUC+piano.xml
448,4,53,0.75,4,Moussorgsky_TableauxProm(24 mes)_ORCH+REDUC+piano.xml
448,4,65,0.75,4,Moussorgsky_TableauxProm(24 mes)_ORCH+REDUC+piano.xml
452,4,43,0.75,4,Moussorgsky_TableauxProm(24 mes)_ORCH+REDUC+piano.xml
452,4,55,0.75,4,Moussorgsky_TableauxProm(24 mes)_ORCH+REDUC+piano.xml
456,4,41,0.75,4,Moussorgsky_TableauxProm(24 mes)_ORCH+REDUC+piano.xml
456,4,53,0.75,4,Moussorgsky_TableauxProm(24 mes)_ORCH+REDUC+piano.xml
460,4,24,0.75,4,Moussorgsky_TableauxProm(24 mes)_ORCH+REDUC+piano.xml
460,4,36,0.75,4,Moussorgsky_TableauxProm(24 mes)_ORCH+REDUC+piano.xml
460,2,55,0.75,4,Moussorgsky_TableauxProm(24 mes)_ORCH+REDUC+piano.xml
460,4,58,0.75,4,Moussorgsky_TableauxProm(24 mes)_ORCH+REDUC+piano.xml
460,2,64,0.75,4,Moussorgsky_TableauxProm(24 mes)_ORCH+REDUC+piano.xml
460,2,67,0.75,4,Moussorgsky_TableauxProm(24 mes)_ORCH+REDUC+piano.xml
462,2,70,0.75,4,Moussorgsky_TableauxProm(24 mes)_ORCH+REDUC+piano.xml
464,4,17,0.75,4,Moussorgsky_TableauxProm(24 mes)_ORCH+REDUC+piano.xml
464,4,29,0.75,4,Moussorgsky_TableauxProm(24 mes)_ORCH+REDUC+piano.xml
464,4,53,0.75,4,Moussorgsky_TableauxProm(24 mes)_ORCH+REDUC+piano.xml
464,4,65,0.75,4,Moussorgsky_TableauxProm(24 mes)_ORCH+REDUC+piano.xml
468,4,19,0.75,4,Moussorgsky_TableauxProm(24 mes)_ORCH+REDUC+piano.xml
468,4,31,0.75,4,Moussorgsky_TableauxProm(24 mes)_ORCH+REDUC+piano.xml
468,4,55,0.75,4,Moussorgsky_TableauxProm(24 mes)_ORCH+REDUC+piano.xml
468,4,67,0.75,4,Moussorgsky_TableauxProm(24 mes)_ORCH+REDUC+piano.xml
472,4,17,0.75,4,Moussorgsky_TableauxProm(24 mes)_ORCH+REDUC+piano.xml
472,4,29,0.75,4,Moussorgsky_TableauxProm(24 mes)_ORCH+REDUC+piano.xml
472,4,53,0.75,4,Moussorgsky_TableauxProm(24 mes)_ORCH+REDUC+piano.xml
472,4,65,0.75,4,Moussorgsky_TableauxProm(24 mes)_ORCH+REDUC+piano.xml
476,4,27,0.75,4,Moussorgsky_TableauxProm(24 mes)_ORCH+REDUC+piano.xml
476,4,39,0.75,4,Moussorgsky_TableauxProm(24 mes)_ORCH+REDUC+piano.xml
476,4,46,0.75,4,Moussorgsky_TableauxProm(24 mes)_ORCH+REDUC+piano.xml
476,4,51,0.75,4,Moussorgsky_TableauxProm(24 mes)_ORCH+REDUC+piano.xml
476,4,55,0.75,4,Moussorgsky_TableauxProm(24 mes)_ORCH+REDUC+piano.xml
480,4,29,0.75,4,Moussorgsky_TableauxProm(24 mes)_ORCH+REDUC+piano.xml
480,4,41,0.75,4,Moussorgsky_TableauxProm(24 mes)_ORCH+REDUC+piano.xml
480,4,45,0.75,4,Moussorgsky_TableauxProm(24 mes)_ORCH+REDUC+piano.xml
480,4,48,0.75,4,Moussorgsky_TableauxProm(24 mes)_ORCH+REDUC+piano.xml
480,28,53,0.75,4,Moussorgsky_TableauxProm(24 mes)_ORCH+REDUC+piano.xml
484,4,26,0.75,4,Moussorgsky_TableauxProm(24 mes)_ORCH+REDUC+piano.xml
484,4,38,0.75,4,Moussorgsky_TableauxProm(24 mes)_ORCH+REDUC+piano.xml
484,4,46,0.75,4,Moussorgsky_TableauxProm(24 mes)_ORCH+REDUC+piano.xml
484,4,58,0.75,4,Moussorgsky_TableauxProm(24 mes)_ORCH+REDUC+piano.xml
488,4,24,0.75,4,Moussorgsky_TableauxProm(24 mes)_ORCH+REDUC+piano.xml
488,4,36,0.75,4,Moussorgsky_TableauxProm(24 mes)_ORCH+REDUC+piano.xml
488,2,48,0.75,4,Moussorgsky_TableauxProm(24 mes)_ORCH+REDUC+piano.xml
488,2,57,0.75,4,Moussorgsky_TableauxProm(24 mes)_ORCH+REDUC+piano.xml
488,2,60,0.75,4,Moussorgsky_TableauxProm(24 mes)_ORCH+REDUC+piano.xml
490,2,65,0.75,4,Moussorgsky_TableauxProm(24 mes)_ORCH+REDUC+piano.xml
492,4,22,0.75,4,Moussorgsky_TableauxProm(24 mes)_ORCH+REDUC+piano.xml
492,4,34,0.75,4,Moussorgsky_TableauxProm(24 mes)_ORCH+REDUC+piano.xml
492,4,50,0.75,4,Moussorgsky_TableauxProm(24 mes)_ORCH+REDUC+piano.xml
492,4,58,0.75,4,Moussorgsky_TableauxProm(24 mes)_ORCH+REDUC+piano.xml
492,4,62,0.75,4,Moussorgsky_TableauxProm(24 mes)_ORCH+REDUC+piano.xml
496,4,21,0.75,4,Moussorgsky_TableauxProm(24 mes)_ORCH+REDUC+piano.xml
496,4,33,0.75,4,Moussorgsky_TableauxProm(24 mes)_ORCH+REDUC+piano.xml
496,2,48,0.75,4,Moussorgsky_TableauxProm(24 mes)_ORCH+REDUC+piano.xml
496,2,57,0.75,4,Moussorgsky_TableauxProm(24 mes)_ORCH+REDUC+piano.xml
496,2,60,0.75,4,Moussorgsky_TableauxProm(24 mes)_ORCH+REDUC+piano.xml
498,2,65,0.75,4,Moussorgsky_TableauxProm(24 mes)_ORCH+REDUC+piano.xml
500,4,19,0.75,4,Moussorgsky_TableauxProm(24 mes)_ORCH+REDUC+piano.xml
500,8,31,0.75,4,Moussorgsky_TableauxProm(24 mes)_ORCH+REDUC+piano.xml
500,8,50,0.75,4,Moussorgsky_TableauxProm(24 mes)_ORCH+REDUC+piano.xml
500,8,58,0.75,4,Moussorgsky_TableauxProm(24 mes)_ORCH+REDUC+piano.xml
500,4,62,0.75,4,Moussorgsky_TableauxProm(24 mes)_ORCH+REDUC+piano.xml
504,4,43,0.75,4,Moussorgsky_TableauxProm(24 mes)_ORCH+REDUC+piano.xml
504,4,46,0.75,4,Moussorgsky_TableauxProm(24 mes)_ORCH+REDUC+piano.xml
508,4,24,0.75,4,Moussorgsky_TableauxProm(24 mes)_ORCH+REDUC+piano.xml
508,4,36,0.75,4,Moussorgsky_TableauxProm(24 mes)_ORCH+REDUC+piano.xml
508,12,48,0.75,4,Moussorgsky_TableauxProm(24 mes)_ORCH+REDUC+piano.xml
508,8,52,0.75,4,Moussorgsky_TableauxProm(24 mes)_ORCH+REDUC+piano.xml
508,8,55,0.75,4,Moussorgsky_TableauxProm(24 mes)_ORCH+REDUC+piano.xml
508,4,60,0.75,4,Moussorgsky_TableauxProm(24 mes)_ORCH+REDUC+piano.xml
512,4,28,0.75,4,Moussorgsky_TableauxProm(24 mes)_ORCH+REDUC+piano.xml
512,4,40,0.75,4,Moussorgsky_TableauxProm(24 mes)_ORCH+REDUC+piano.xml
512,4,43,0.75,4,Moussorgsky_TableauxProm(24 mes)_ORCH+REDUC+piano.xml
516,4,29,0.75,4,Moussorgsky_TableauxProm(24 mes)_ORCH+REDUC+piano.xml
516,4,41,0.75,4,Moussorgsky_TableauxProm(24 mes)_ORCH+REDUC+piano.xml
516,4,45,0.75,4,Moussorgsky_TableauxProm(24 mes)_ORCH+REDUC+piano.xml
516,4,53,0.75,4,Moussorgsky_TableauxProm(24 mes)_ORCH+REDUC+piano.xml
520,4,22,0.75,4,Moussorgsky_TableauxProm(24 mes)_ORCH+REDUC+piano.xml
520,4,34,0.75,4,Moussorgsky_TableauxProm(24 mes)_ORCH+REDUC+piano.xml
520,4,43,0.75,4,Moussorgsky_TableauxProm(24 mes)_ORCH+REDUC+piano.xml
520,4,50,0.75,4,Moussorgsky_TableauxProm(24 mes)_ORCH+REDUC+piano.xml
520,4,55,0.75,4,Moussorgsky_TableauxProm(24 mes)_ORCH+REDUC+piano.xml
524,4,21,0.75,4,Moussorgsky_TableauxProm(24 mes)_ORCH+REDUC+piano.xml
524,4,33,0.75,4,Moussorgsky_TableauxProm(24 mes)_ORCH+REDUC+piano.xml
524,4,45,0.75,4,Moussorgsky_TableauxProm(24 mes)_ORCH+REDUC+piano.xml
524,4,48,0.75,4,Moussorgsky_TableauxProm(24 mes)_ORCH+REDUC+piano.xml
524,16,53,0.75,4,Moussorgsky_TableauxProm(24 mes)_ORCH+REDUC+piano.xml
528,4,19,0.75,4,Moussorgsky_TableauxProm(24 mes)_ORCH+REDUC+piano.xml
528,4,31,0.75,4,Moussorgsky_TableauxProm(24 mes)_ORCH+REDUC+piano.xml
528,4,46,0.75,4,Moussorgsky_TableauxProm(24 mes)_ORCH+REDUC+piano.xml
528,4,58,0.75,4,Moussorgsky_TableauxProm(24 mes)_ORCH+REDUC+piano.xml
532,4,17,0.75,4,Moussorgsky_TableauxProm(24 mes)_ORCH+REDUC+piano.xml
532,4,29,0.75,4,Moussorgsky_TableauxProm(24 mes)_ORCH+REDUC+piano.xml
532,2,48,0.75,4,Moussorgsky_TableauxProm(24 mes)_ORCH+REDUC+piano.xml
532,2,57,0.75,4,Moussorgsky_TableauxProm(24 mes)_ORCH+REDUC+piano.xml
532,2,60,0.75,4,Moussorgsky_TableauxProm(24 mes)_ORCH+REDUC+piano.xml
534,2,65,0.75,4,Moussorgsky_TableauxProm(24 mes)_ORCH+REDUC+piano.xml
536,4,22,0.75,4,Moussorgsky_TableauxProm(24 mes)_ORCH+REDUC+piano.xml
536,4,34,0.75,4,Moussorgsky_TableauxProm(24 mes)_ORCH+REDUC+piano.xml
536,8,50,0.75,4,Moussorgsky_TableauxProm(24 mes)_ORCH+REDUC+piano.xml
536,8,58,0.75,4,Moussorgsky_TableauxProm(24 mes)_ORCH+REDUC+piano.xml
536,4,62,0.75,4,Moussorgsky_TableauxProm(24 mes)_ORCH+REDUC+piano.xml
540,4,31,0.75,4,Moussorgsky_TableauxProm(24 mes)_ORCH+REDUC+piano.xml
540,4,43,0.75,4,Moussorgsky_TableauxProm(24 mes)_ORCH+REDUC+piano.xml
540,4,46,0.75,4,Moussorgsky_TableauxProm(24 mes)_ORCH+REDUC+piano.xml
540,8,55,0.75,4,Moussorgsky_TableauxProm(24 mes)_ORCH+REDUC+piano.xml
544,4,24,0.75,4,Moussorgsky_TableauxProm(24 mes)_ORCH+REDUC+piano.xml
544,4,36,0.75,4,Moussorgsky_TableauxProm(24 mes)_ORCH+REDUC+piano.xml
544,4,51,0.75,4,Moussorgsky_TableauxProm(24 mes)_ORCH+REDUC+piano.xml
544,8,60,0.75,4,Moussorgsky_TableauxProm(24 mes)_ORCH+REDUC+piano.xml
544,4,63,0.75,4,Moussorgsky_TableauxProm(24 mes)_ORCH+REDUC+piano.xml
548,4,29,0.75,4,Moussorgsky_TableauxProm(24 mes)_ORCH+REDUC+piano.xml
548,4,41,0.75,4,Moussorgsky_TableauxProm(24 mes)_ORCH+REDUC+piano.xml
548,4,48,0.75,4,Moussorgsky_TableauxProm(24 mes)_ORCH+REDUC+piano.xml
548,8,53,0.75,4,Moussorgsky_TableauxProm(24 mes)_ORCH+REDUC+piano.xml
548,4,57,0.75,4,Moussorgsky_TableauxProm(24 mes)_ORCH+REDUC+piano.xml
552,4,34,0.75,4,Moussorgsky_TableauxProm(24 mes)_ORCH+REDUC+piano.xml
552,4,46,0.75,4,Moussorgsky_TableauxProm(24 mes)_ORCH+REDUC+piano.xml
552,4,50,0.75,4,Moussorgsky_TableauxProm(24 mes)_ORCH+REDUC+piano.xml
552,4,58,0.75,4,Moussorgsky_TableauxProm(24 mes)_ORCH+REDUC+piano.xml
