t0,dt,pitch,dyn,quantization,filename
44,4,43,0.75,4,Moussorgsky_TableauxProm(24 mes)_ORCH+REDUC+piano.xml
48,4,41,0.75,4,Moussorgsky_TableauxProm(24 mes)_ORCH+REDUC+piano.xml
52,4,43,0.75,4,Moussorgsky_TableauxProm(24 mes)_ORCH+REDUC+piano.xml
56,4,41,0.75,4,Moussorgsky_TableauxProm(24 mes)_ORCH+REDUC+piano.xml
60,4,38,0.75,4,Moussorgsky_TableauxProm(24 mes)_ORCH+REDUC+piano.xml
64,4,41,0.75,4,Moussorgsky_TableauxProm(24 mes)_ORCH+REDUC+piano.xml
68,4,46,0.75,4,Moussorgsky_TableauxProm(24 mes)_ORCH+REDUC+piano.xml
72,4,43,0.75,4,Moussorgsky_TableauxProm(24 mes)_ORCH+REDUC+piano.xml
76,4,36,0.75,4,Moussorgsky_TableauxProm(24 mes)_ORCH+REDUC+piano.xml
80,4,40,0.75,4,Moussorgsky_TableauxProm(24 mes)_ORCH+REDUC+piano.xml
84,4,41,0.75,4,Moussorgsky_TableauxProm(24 mes)_ORCH+REDUC+piano.xml
116,4,41,0.75,4,Moussorgsky_TableauxProm(24 mes)_ORCH+REDUC+piano.xml
120,4,46,0.75,4,Moussorgsky_TableauxProm(24 mes)_ORCH+REDUC+piano.xml
124,4,43,0.75,4,Moussorgsky_TableauxProm(24 mes)_ORCH+REDUC+piano.xml
128,4,41,0.75,4,Moussorgsky_TableauxProm(24 mes)_ORCH+REDUC+piano.xml
160,4,44,0.75,4,Moussorgsky_TableauxProm(24 mes)_ORCH+REDUC+piano.xml
164,4,49,0.75,4,Moussorgsky_TableauxProm(24 mes)_ORCH+REDUC+piano.xml
168,4,46,0.75,4,Moussorgsky_TableauxProm(24 mes)_ORCH+REDUC+piano.xml
172,4,44,0.75,4,Moussorgsky_TableauxProm(24 mes)_ORCH+REDUC+piano.xml
452,4,43,0.75,4,Moussorgsky_TableauxProm(24 mes)_ORCH+REDUC+piano.xml
456,4,41,0.75,4,Moussorgsky_TableauxProm(24 mes)_ORCH+REDUC+piano.xml
476,4,39,0.75,4,Moussorgsky_TableauxProm(24 mes)_ORCH+REDUC+piano.xml
476,4,43,0.75,4,Moussorgsky_TableauxProm(24 mes)_ORCH+REDUC+piano.xml
480,4,41,0.75,4,Moussorgsky_TableauxProm(24 mes)_ORCH+REDUC+piano.xml
484,4,38,0.75,4,Moussorgsky_TableauxProm(24 mes)_ORCH+REDUC+piano.xml
484,4,46,0.75,4,Moussorgsky_TableauxProm(24 mes)_ORCH+REDUC+piano.xml
488,4,36,0.75,4,Moussorgsky_TableauxProm(24 mes)_ORCH+REDUC+piano.xml
488,2,48,0.75,4,Moussorgsky_TableauxProm(24 mes)_ORCH+REDUC+piano.xml
490,2,53,0.75,4,Moussorgsky_TableauxProm(24 mes)_ORCH+REDUC+piano.xml
492,4,34,0.75,4,Moussorgsky_TableauxProm(24 mes)_ORCH+REDUC+piano.xml
492,4,50,0.75,4,Moussorgsky_TableauxProm(24 mes)_ORCH+REDUC+piano.xml
496,4,33,0.75,4,Moussorgsky_TableauxProm(24 mes)_ORCH+REDUC+piano.xml
496,2,48,0.75,4,Moussorgsky_TableauxProm(24 mes)_ORCH+REDUC+piano.xml
498,2,53,0.75,4,Moussorgsky_TableauxProm(24 mes)_ORCH+REDUC+piano.xml
500,4,31,0.75,4,Moussorgsky_TableauxProm(24 mes)_ORCH+REDUC+piano.xml
500,4,50,0.75,4,Moussorgsky_TableauxProm(24 mes)_ORCH+REDUC+piano.xml
504,4,43,0.75,4,Moussorgsky_TableauxProm(24 mes)_ORCH+REDUC+piano.xml
504,4,46,0.75,4,Moussorgsky_TableauxProm(24 mes)_ORCH+REDUC+piano.xml
508,4,36,0.75,4,Moussorgsky_TableauxProm(24 mes)_ORCH+REDUC+piano.xml
508,4,48,0.75,4,Moussorgsky_TableauxProm(24 mes)_ORCH+REDUC+piano.xml
512,4,40,0.75,4,Moussorgsky_TableauxProm(24 mes)_ORCH+REDUC+piano.xml
512,4,43,0.75,4,Moussorgsky_TableauxProm(24 mes)_ORCH+REDUC+piano.xml
516,4,41,0.75,4,Moussorgsky_TableauxProm(24 mes)_ORCH+REDUC+piano.xml
520,4,34,0.75,4,Moussorgsky_TableauxProm(24 mes)_ORCH+REDUC+piano.xml
520,4,43,0.75,4,Moussorgsky_TableauxProm(24 mes)_ORCH+REDUC+piano.xml
524,4,33,0.75,4,Moussorgsky_TableauxProm(24 mes)_ORCH+REDUC+piano.xml
524,4,41,0.75,4,Moussorgsky_TableauxProm(24 mes)_ORCH+REDUC+piano.xml
528,4,31,0.75,4,Moussorgsky_TableauxProm(24 mes)_ORCH+REDUC+piano.xml
528,4,46,0.75,4,Moussorgsky_TableauxProm(24 mes)_ORCH+REDUC+piano.xml
532,4,29,0.75,4,Moussorgsky_TableauxProm(24 mes)_ORCH+REDUC+piano.xml
532,2,48,0.75,4,Moussorgsky_TableauxProm(24 mes)_ORCH+REDUC+piano.xml
534,2,53,0.75,4,Moussorgsky_TableauxProm(24 mes)_ORCH+REDUC+piano.xml
536,4,34,0.75,4,Moussorgsky_TableauxProm(24 mes)_ORCH+REDUC+piano.xml
536,4,50,0.75,4,Moussorgsky_TableauxProm(24 mes)_ORCH+REDUC+piano.xml
540,4,43,0.75,4,Moussorgsky_TableauxProm(24 mes)_ORCH+REDUC+piano.xml
540,4,46,0.75,4,Moussorgsky_TableauxProm(24 mes)_ORCH+REDUC+piano.xml
544,4,36,0.75,4,Moussorgsky_TableauxProm(24 mes)_ORCH+REDUC+piano.xml
544,4,51,0.75,4,Moussorgsky_TableauxProm(24 mes)_ORCH+REDUC+piano.xml
548,4,41,0.75,4,Moussorgsky_TableauxProm(24 mes)_ORCH+REDUC+piano.xml
548,4,48,0.75,4,Moussorgsky_TableauxProm(24 mes)_ORCH+REDUC+piano.xml
552,4,34,0.75,4,Moussorgsky_TableauxProm(24 mes)_ORCH+REDUC+piano.xml
552,4,46,0.75,4,Moussorgsky_TableauxProm(24 mes)_ORCH+REDUC+piano.xml
