t0,dt,pitch,dyn,quantization,filename
44,4,31,0.75,4,Moussorgsky_TableauxProm(24 mes)_ORCH+REDUC+piano.xml
48,4,33,0.75,4,Moussorgsky_TableauxProm(24 mes)_ORCH+REDUC+piano.xml
52,4,31,0.75,4,Moussorgsky_TableauxProm(24 mes)_ORCH+REDUC+piano.xml
56,4,29,0.75,4,Moussorgsky_TableauxProm(24 mes)_ORCH+REDUC+piano.xml
60,4,26,0.75,4,Moussorgsky_TableauxProm(24 mes)_ORCH+REDUC+piano.xml
64,4,29,0.75,4,Moussorgsky_TableauxProm(24 mes)_ORCH+REDUC+piano.xml
68,4,34,0.75,4,Moussorgsky_TableauxProm(24 mes)_ORCH+REDUC+piano.xml
72,4,31,0.75,4,Moussorgsky_TableauxProm(24 mes)_ORCH+REDUC+piano.xml
76,4,24,0.75,4,Moussorgsky_TableauxProm(24 mes)_ORCH+REDUC+piano.xml
80,4,28,0.75,4,Moussorgsky_TableauxProm(24 mes)_ORCH+REDUC+piano.xml
84,4,29,0.75,4,Moussorgsky_TableauxProm(24 mes)_ORCH+REDUC+piano.xml
116,4,29,0.75,4,Moussorgsky_TableauxProm(24 mes)_ORCH+REDUC+piano.xml
120,4,34,0.75,4,Moussorgsky_TableauxProm(24 mes)_ORCH+REDUC+piano.xml
124,4,31,0.75,4,Moussorgsky_TableauxProm(24 mes)_ORCH+REDUC+piano.xml
128,4,29,0.75,4,Moussorgsky_TableauxProm(24 mes)_ORCH+REDUC+piano.xml
160,4,32,0.75,4,Moussorgsky_TableauxProm(24 mes)_ORCH+REDUC+piano.xml
164,4,37,0.75,4,Moussorgsky_TableauxProm(24 mes)_ORCH+REDUC+piano.xml
168,4,34,0.75,4,Moussorgsky_TableauxProm(24 mes)_ORCH+REDUC+piano.xml
172,4,32,0.75,4,Moussorgsky_TableauxProm(24 mes)_ORCH+REDUC+piano.xml
476,4,27,0.75,4,Moussorgsky_TableauxProm(24 mes)_ORCH+REDUC+piano.xml
480,4,29,0.75,4,Moussorgsky_TableauxProm(24 mes)_ORCH+REDUC+piano.xml
484,4,26,0.75,4,Moussorgsky_TableauxProm(24 mes)_ORCH+REDUC+piano.xml
488,4,24,0.75,4,Moussorgsky_TableauxProm(24 mes)_ORCH+REDUC+piano.xml
492,4,22,0.75,4,Moussorgsky_TableauxProm(24 mes)_ORCH+REDUC+piano.xml
496,4,21,0.75,4,Moussorgsky_TableauxProm(24 mes)_ORCH+REDUC+piano.xml
500,4,19,0.75,4,Moussorgsky_TableauxProm(24 mes)_ORCH+REDUC+piano.xml
504,4,31,0.75,4,Moussorgsky_TableauxProm(24 mes)_ORCH+REDUC+piano.xml
508,4,24,0.75,4,Moussorgsky_TableauxProm(24 mes)_ORCH+REDUC+piano.xml
512,4,28,0.75,4,Moussorgsky_TableauxProm(24 mes)_ORCH+REDUC+piano.xml
516,4,29,0.75,4,Moussorgsky_TableauxProm(24 mes)_ORCH+REDUC+piano.xml
520,4,22,0.75,4,Moussorgsky_TableauxProm(24 mes)_ORCH+REDUC+piano.xml
524,4,21,0.75,4,Moussorgsky_TableauxProm(24 mes)_ORCH+REDUC+piano.xml
528,4,19,0.75,4,Moussorgsky_TableauxProm(24 mes)_ORCH+REDUC+piano.xml
532,4,17,0.75,4,Moussorgsky_TableauxProm(24 mes)_ORCH+REDUC+piano.xml
536,4,22,0.75,4,Moussorgsky_TableauxProm(24 mes)_ORCH+REDUC+piano.xml
540,4,31,0.75,4,Moussorgsky_TableauxProm(24 mes)_ORCH+REDUC+piano.xml
544,4,24,0.75,4,Moussorgsky_TableauxProm(24 mes)_ORCH+REDUC+piano.xml
548,4,29,0.75,4,Moussorgsky_TableauxProm(24 mes)_ORCH+REDUC+piano.xml
552,4,22,0.75,4,Moussorgsky_TableauxProm(24 mes)_ORCH+REDUC+piano.xml
