t0,dt,pitch,dyn,quantization,filename
176,24,51,0.625,4,Moussorgsky_TableauxProm(24 mes)_ORCH+REDUC+piano.xml
200,2,53,0.625,4,Moussorgsky_TableauxProm(24 mes)_ORCH+REDUC+piano.xml
200,8,56,0.625,4,Moussorgsky_TableauxProm(24 mes)_ORCH+REDUC+piano.xml
202,2,60,0.625,4,Moussorgsky_TableauxProm(24 mes)_ORCH+REDUC+piano.xml
204,4,61,0.625,4,Moussorgsky_TableauxProm(24 mes)_ORCH+REDUC+piano.xml
208,2,58,0.625,4,Moussorgsky_TableauxProm(24 mes)_ORCH+REDUC+piano.xml
208,2,63,0.625,4,Moussorgsky_TableauxProm(24 mes)_ORCH+REDUC+piano.xml
210,6,56,0.625,4,Moussorgsky_TableauxProm(24 mes)_ORCH+REDUC+piano.xml
210,2,61,0.625,4,Moussorgsky_TableauxProm(24 mes)_ORCH+REDUC+piano.xml
212,4,60,0.625,4,Moussorgsky_TableauxProm(24 mes)_ORCH+REDUC+piano.xml
216,4,58,0.625,4,Moussorgsky_TableauxProm(24 mes)_ORCH+REDUC+piano.xml
216,4,61,0.625,4,Moussorgsky_TableauxProm(24 mes)_ORCH+REDUC+piano.xml
220,4,56,0.625,4,Moussorgsky_TableauxProm(24 mes)_ORCH+REDUC+piano.xml
220,4,60,0.625,4,Moussorgsky_TableauxProm(24 mes)_ORCH+REDUC+piano.xml
224,18,51,0.625,4,Moussorgsky_TableauxProm(24 mes)_ORCH+REDUC+piano.xml
244,1,55,0.625,4,Moussorgsky_TableauxProm(24 mes)_ORCH+REDUC+piano.xml
245,1,55,0.6293478260869565,4,Moussorgsky_TableauxProm(24 mes)_ORCH+REDUC+piano.xml
246,1,55,0.63369565217391299,4,Moussorgsky_TableauxProm(24 mes)_ORCH+REDUC+piano.xml
247,1,55,0.6380434782608696,4,Moussorgsky_TableauxProm(24 mes)_ORCH+REDUC+piano.xml
248,1,55,0.6423913043478261,4,Moussorgsky_TableauxProm(24 mes)_ORCH+REDUC+piano.xml
249,1,55,0.64673913043478259,4,Moussorgsky_TableauxProm(24 mes)_ORCH+REDUC+piano.xml
250,1,55,0.65108695652173909,4,Moussorgsky_TableauxProm(24 mes)_ORCH+REDUC+piano.xml
251,1,55,0.6554347826086957,4,Moussorgsky_TableauxProm(24 mes)_ORCH+REDUC+piano.xml
252,1,55,0.6597826086956522,4,Moussorgsky_TableauxProm(24 mes)_ORCH+REDUC+piano.xml
253,1,55,0.66413043478260869,4,Moussorgsky_TableauxProm(24 mes)_ORCH+REDUC+piano.xml
254,1,55,0.66847826086956519,4,Moussorgsky_TableauxProm(24 mes)_ORCH+REDUC+piano.xml
255,1,55,0.67282608695652169,4,Moussorgsky_TableauxProm(24 mes)_ORCH+REDUC+piano.xml
256,1,55,0.67717391304347829,4,Moussorgsky_TableauxProm(24 mes)_ORCH+REDUC+piano.xml
257,1,55,0.68152173913043479,4,Moussorgsky_TableauxProm(24 mes)_ORCH+REDUC+piano.xml
258,1,55,0.68586956521739129,4,Moussorgsky_TableauxProm(24 mes)_ORCH+REDUC+piano.xml
259,1,55,0.69021739130434778,4,Moussorgsky_TableauxProm(24 mes)_ORCH+REDUC+piano.xml
260,1,55,0.69456521739130439,4,Moussorgsky_TableauxProm(24 mes)_ORCH+REDUC+piano.xml
261,1,55,0.69891304347826089,4,Moussorgsky_TableauxProm(24 mes)_ORCH+REDUC+piano.xml
262,1,55,0.70326086956521738,4,Moussorgsky_TableauxProm(24 mes)_ORCH+REDUC+piano.xml
263,1,55,0.70760869565217388,4,Moussorgsky_TableauxProm(24 mes)_ORCH+REDUC+piano.xml
264,1,55,0.71195652173913038,4,Moussorgsky_TableauxProm(24 mes)_ORCH+REDUC+piano.xml
265,1,55,0.71630434782608698,4,Moussorgsky_TableauxProm(24 mes)_ORCH+REDUC+piano.xml
266,1,55,0.72065217391304348,4,Moussorgsky_TableauxProm(24 mes)_ORCH+REDUC+piano.xml
267,1,55,0.72499999999999998,4,Moussorgsky_TableauxProm(24 mes)_ORCH+REDUC+piano.xml
268,2,53,0.75,4,Moussorgsky_TableauxProm(24 mes)_ORCH+REDUC+piano.xml
270,2,55,0.75,4,Moussorgsky_TableauxProm(24 mes)_ORCH+REDUC+piano.xml
272,2,57,0.75,4,Moussorgsky_TableauxProm(24 mes)_ORCH+REDUC+piano.xml
274,2,60,0.75,4,Moussorgsky_TableauxProm(24 mes)_ORCH+REDUC+piano.xml
276,2,58,0.75,4,Moussorgsky_TableauxProm(24 mes)_ORCH+REDUC+piano.xml
278,2,57,0.75,4,Moussorgsky_TableauxProm(24 mes)_ORCH+REDUC+piano.xml
280,2,55,0.75,4,Moussorgsky_TableauxProm(24 mes)_ORCH+REDUC+piano.xml
282,2,58,0.75,4,Moussorgsky_TableauxProm(24 mes)_ORCH+REDUC+piano.xml
284,2,57,0.75,4,Moussorgsky_TableauxProm(24 mes)_ORCH+REDUC+piano.xml
286,2,53,0.75,4,Moussorgsky_TableauxProm(24 mes)_ORCH+REDUC+piano.xml
288,4,55,0.75,4,Moussorgsky_TableauxProm(24 mes)_ORCH+REDUC+piano.xml
308,4,57,0.625,4,Moussorgsky_TableauxProm(24 mes)_ORCH+REDUC+piano.xml
312,4,52,0.625,4,Moussorgsky_TableauxProm(24 mes)_ORCH+REDUC+piano.xml
332,8,53,0.38300000000000001,4,Moussorgsky_TableauxProm(24 mes)_ORCH+REDUC+piano.xml
352,4,36,0.38300000000000001,4,Moussorgsky_TableauxProm(24 mes)_ORCH+REDUC+piano.xml
356,1,41,0.38300000000000001,4,Moussorgsky_TableauxProm(24 mes)_ORCH+REDUC+piano.xml
357,1,41,0.36871428571428572,4,Moussorgsky_TableauxProm(24 mes)_ORCH+REDUC+piano.xml
358,1,41,0.35442857142857143,4,Moussorgsky_TableauxProm(24 mes)_ORCH+REDUC+piano.xml
359,1,41,0.34014285714285719,4,Moussorgsky_TableauxProm(24 mes)_ORCH+REDUC+piano.xml
360,1,43,0.3258571428571429,4,Moussorgsky_TableauxProm(24 mes)_ORCH+REDUC+piano.xml
361,1,43,0.31157142857142861,4,Moussorgsky_TableauxProm(24 mes)_ORCH+REDUC+piano.xml
362,1,43,0.29728571428571432,4,Moussorgsky_TableauxProm(24 mes)_ORCH+REDUC+piano.xml
363,1,43,0.28300000000000003,4,Moussorgsky_TableauxProm(24 mes)_ORCH+REDUC+piano.xml
376,4,53,0.75,4,Moussorgsky_TableauxProm(24 mes)_ORCH+REDUC+piano.xml
380,2,51,0.75,4,Moussorgsky_TableauxProm(24 mes)_ORCH+REDUC+piano.xml
382,2,50,0.75,4,Moussorgsky_TableauxProm(24 mes)_ORCH+REDUC+piano.xml
384,2,48,0.75,4,Moussorgsky_TableauxProm(24 mes)_ORCH+REDUC+piano.xml
386,2,46,0.75,4,Moussorgsky_TableauxProm(24 mes)_ORCH+REDUC+piano.xml
388,4,48,0.75,4,Moussorgsky_TableauxProm(24 mes)_ORCH+REDUC+piano.xml
392,4,50,0.75,4,Moussorgsky_TableauxProm(24 mes)_ORCH+REDUC+piano.xml
396,4,53,0.75,4,Moussorgsky_TableauxProm(24 mes)_ORCH+REDUC+piano.xml
396,4,57,0.75,4,Moussorgsky_TableauxProm(24 mes)_ORCH+REDUC+piano.xml
400,4,43,0.75,4,Moussorgsky_TableauxProm(24 mes)_ORCH+REDUC+piano.xml
400,4,55,0.75,4,Moussorgsky_TableauxProm(24 mes)_ORCH+REDUC+piano.xml
404,4,41,0.75,4,Moussorgsky_TableauxProm(24 mes)_ORCH+REDUC+piano.xml
408,4,43,0.75,4,Moussorgsky_TableauxProm(24 mes)_ORCH+REDUC+piano.xml
408,4,55,0.75,4,Moussorgsky_TableauxProm(24 mes)_ORCH+REDUC+piano.xml
412,4,53,0.75,4,Moussorgsky_TableauxProm(24 mes)_ORCH+REDUC+piano.xml
416,4,58,0.75,4,Moussorgsky_TableauxProm(24 mes)_ORCH+REDUC+piano.xml
420,2,57,0.75,4,Moussorgsky_TableauxProm(24 mes)_ORCH+REDUC+piano.xml
422,10,53,0.75,4,Moussorgsky_TableauxProm(24 mes)_ORCH+REDUC+piano.xml
432,4,60,0.75,4,Moussorgsky_TableauxProm(24 mes)_ORCH+REDUC+piano.xml
436,4,63,0.75,4,Moussorgsky_TableauxProm(24 mes)_ORCH+REDUC+piano.xml
440,4,41,0.75,4,Moussorgsky_TableauxProm(24 mes)_ORCH+REDUC+piano.xml
444,4,43,0.75,4,Moussorgsky_TableauxProm(24 mes)_ORCH+REDUC+piano.xml
448,4,41,0.75,4,Moussorgsky_TableauxProm(24 mes)_ORCH+REDUC+piano.xml
460,4,64,0.75,4,Moussorgsky_TableauxProm(24 mes)_ORCH+REDUC+piano.xml
464,4,41,0.75,4,Moussorgsky_TableauxProm(24 mes)_ORCH+REDUC+piano.xml
468,4,43,0.75,4,Moussorgsky_TableauxProm(24 mes)_ORCH+REDUC+piano.xml
472,4,41,0.75,4,Moussorgsky_TableauxProm(24 mes)_ORCH+REDUC+piano.xml
520,4,43,0.75,4,Moussorgsky_TableauxProm(24 mes)_ORCH+REDUC+piano.xml
524,4,45,0.75,4,Moussorgsky_TableauxProm(24 mes)_ORCH+REDUC+piano.xml
528,4,46,0.75,4,Moussorgsky_TableauxProm(24 mes)_ORCH+REDUC+piano.xml
532,2,48,0.75,4,Moussorgsky_TableauxProm(24 mes)_ORCH+REDUC+piano.xml
534,2,53,0.75,4,Moussorgsky_TableauxProm(24 mes)_ORCH+REDUC+piano.xml
536,4,50,0.75,4,Moussorgsky_TableauxProm(24 mes)_ORCH+REDUC+piano.xml
540,4,46,0.75,4,Moussorgsky_TableauxProm(24 mes)_ORCH+REDUC+piano.xml
544,4,51,0.75,4,Moussorgsky_TableauxProm(24 mes)_ORCH+REDUC+piano.xml
548,4,48,0.75,4,Moussorgsky_TableauxProm(24 mes)_ORCH+REDUC+piano.xml
552,4,46,0.75,4,Moussorgsky_TableauxProm(24 mes)_ORCH+REDUC+piano.xml
