t0,dt,pitch,dyn,quantization,filename
176,4,44,0.625,4,Moussorgsky_TableauxProm(24 mes)_ORCH+REDUC+piano.xml
180,4,46,0.625,4,Moussorgsky_TableauxProm(24 mes)_ORCH+REDUC+piano.xml
184,4,44,0.625,4,Moussorgsky_TableauxProm(24 mes)_ORCH+REDUC+piano.xml
188,2,46,0.625,4,Moussorgsky_TableauxProm(24 mes)_ORCH+REDUC+piano.xml
190,2,48,0.625,4,Moussorgsky_TableauxProm(24 mes)_ORCH+REDUC+piano.xml
192,2,51,0.625,4,Moussorgsky_TableauxProm(24 mes)_ORCH+REDUC+piano.xml
194,2,46,0.625,4,Moussorgsky_TableauxProm(24 mes)_ORCH+REDUC+piano.xml
196,4,44,0.625,4,Moussorgsky_TableauxProm(24 mes)_ORCH+REDUC+piano.xml
200,2,49,0.625,4,Moussorgsky_TableauxProm(24 mes)_ORCH+REDUC+piano.xml
202,2,51,0.625,4,Moussorgsky_TableauxProm(24 mes)_ORCH+REDUC+piano.xml
204,2,53,0.625,4,Moussorgsky_TableauxProm(24 mes)_ORCH+REDUC+piano.xml
206,2,56,0.625,4,Moussorgsky_TableauxProm(24 mes)_ORCH+REDUC+piano.xml
208,2,54,0.625,4,Moussorgsky_TableauxProm(24 mes)_ORCH+REDUC+piano.xml
210,2,53,0.625,4,Moussorgsky_TableauxProm(24 mes)_ORCH+REDUC+piano.xml
212,2,51,0.625,4,Moussorgsky_TableauxProm(24 mes)_ORCH+REDUC+piano.xml
214,2,54,0.625,4,Moussorgsky_TableauxProm(24 mes)_ORCH+REDUC+piano.xml
216,2,53,0.625,4,Moussorgsky_TableauxProm(24 mes)_ORCH+REDUC+piano.xml
218,2,49,0.625,4,Moussorgsky_TableauxProm(24 mes)_ORCH+REDUC+piano.xml
220,4,51,0.625,4,Moussorgsky_TableauxProm(24 mes)_ORCH+REDUC+piano.xml
224,4,44,0.625,4,Moussorgsky_TableauxProm(24 mes)_ORCH+REDUC+piano.xml
228,4,46,0.625,4,Moussorgsky_TableauxProm(24 mes)_ORCH+REDUC+piano.xml
232,4,44,0.625,4,Moussorgsky_TableauxProm(24 mes)_ORCH+REDUC+piano.xml
236,2,46,0.625,4,Moussorgsky_TableauxProm(24 mes)_ORCH+REDUC+piano.xml
238,2,48,0.625,4,Moussorgsky_TableauxProm(24 mes)_ORCH+REDUC+piano.xml
240,2,51,0.625,4,Moussorgsky_TableauxProm(24 mes)_ORCH+REDUC+piano.xml
242,2,46,0.625,4,Moussorgsky_TableauxProm(24 mes)_ORCH+REDUC+piano.xml
244,1,48,0.625,4,Moussorgsky_TableauxProm(24 mes)_ORCH+REDUC+piano.xml
245,1,48,0.6293478260869565,4,Moussorgsky_TableauxProm(24 mes)_ORCH+REDUC+piano.xml
246,1,48,0.63369565217391299,4,Moussorgsky_TableauxProm(24 mes)_ORCH+REDUC+piano.xml
247,1,48,0.6380434782608696,4,Moussorgsky_TableauxProm(24 mes)_ORCH+REDUC+piano.xml
248,1,50,0.6423913043478261,4,Moussorgsky_TableauxProm(24 mes)_ORCH+REDUC+piano.xml
249,1,50,0.64673913043478259,4,Moussorgsky_TableauxProm(24 mes)_ORCH+REDUC+piano.xml
250,1,50,0.65108695652173909,4,Moussorgsky_TableauxProm(24 mes)_ORCH+REDUC+piano.xml
251,1,50,0.6554347826086957,4,Moussorgsky_TableauxProm(24 mes)_ORCH+REDUC+piano.xml
252,1,48,0.6597826086956522,4,Moussorgsky_TableauxProm(24 mes)_ORCH+REDUC+piano.xml
253,1,48,0.66413043478260869,4,Moussorgsky_TableauxProm(24 mes)_ORCH+REDUC+piano.xml
254,1,48,0.66847826086956519,4,Moussorgsky_TableauxProm(24 mes)_ORCH+REDUC+piano.xml
255,1,48,0.67282608695652169,4,Moussorgsky_TableauxProm(24 mes)_ORCH+REDUC+piano.xml
256,1,50,0.67717391304347829,4,Moussorgsky_TableauxProm(24 mes)_ORCH+REDUC+piano.xml
257,1,50,0.68152173913043479,4,Moussorgsky_TableauxProm(24 mes)_ORCH+REDUC+piano.xml
258,1,53,0.68586956521739129,4,Moussorgsky_TableauxProm(24 mes)_ORCH+REDUC+piano.xml
259,1,53,0.69021739130434778,4,Moussorgsky_TableauxProm(24 mes)_ORCH+REDUC+piano.xml
260,1,55,0.69456521739130439,4,Moussorgsky_TableauxProm(24 mes)_ORCH+REDUC+piano.xml
261,1,55,0.69891304347826089,4,Moussorgsky_TableauxProm(24 mes)_ORCH+REDUC+piano.xml
262,1,50,0.70326086956521738,4,Moussorgsky_TableauxProm(24 mes)_ORCH+REDUC+piano.xml
263,1,50,0.70760869565217388,4,Moussorgsky_TableauxProm(24 mes)_ORCH+REDUC+piano.xml
264,1,48,0.71195652173913038,4,Moussorgsky_TableauxProm(24 mes)_ORCH+REDUC+piano.xml
265,1,48,0.71630434782608698,4,Moussorgsky_TableauxProm(24 mes)_ORCH+REDUC+piano.xml
266,1,48,0.72065217391304348,4,Moussorgsky_TableauxProm(24 mes)_ORCH+REDUC+piano.xml
267,1,48,0.72499999999999998,4,Moussorgsky_TableauxProm(24 mes)_ORCH+REDUC+piano.xml
268,2,57,0.75,4,Moussorgsky_TableauxProm(24 mes)_ORCH+REDUC+piano.xml
268,8,60,0.75,4,Moussorgsky_TableauxProm(24 mes)_ORCH+REDUC+piano.xml
270,2,64,0.75,4,Moussorgsky_TableauxProm(24 mes)_ORCH+REDUC+piano.xml
272,4,65,0.75,4,Moussorgsky_TableauxProm(24 mes)_ORCH+REDUC+piano.xml
276,2,62,0.75,4,Moussorgsky_TableauxProm(24 mes)_ORCH+REDUC+piano.xml
276,2,67,0.75,4,Moussorgsky_TableauxProm(24 mes)_ORCH+REDUC+piano.xml
278,6,60,0.75,4,Moussorgsky_TableauxProm(24 mes)_ORCH+REDUC+piano.xml
278,2,65,0.75,4,Moussorgsky_TableauxProm(24 mes)_ORCH+REDUC+piano.xml
280,4,64,0.75,4,Moussorgsky_TableauxProm(24 mes)_ORCH+REDUC+piano.xml
284,4,62,0.75,4,Moussorgsky_TableauxProm(24 mes)_ORCH+REDUC+piano.xml
284,4,65,0.75,4,Moussorgsky_TableauxProm(24 mes)_ORCH+REDUC+piano.xml
288,4,60,0.75,4,Moussorgsky_TableauxProm(24 mes)_ORCH+REDUC+piano.xml
288,4,64,0.75,4,Moussorgsky_TableauxProm(24 mes)_ORCH+REDUC+piano.xml
308,4,60,0.625,4,Moussorgsky_TableauxProm(24 mes)_ORCH+REDUC+piano.xml
312,4,58,0.625,4,Moussorgsky_TableauxProm(24 mes)_ORCH+REDUC+piano.xml
332,4,57,0.38300000000000001,4,Moussorgsky_TableauxProm(24 mes)_ORCH+REDUC+piano.xml
336,4,58,0.38300000000000001,4,Moussorgsky_TableauxProm(24 mes)_ORCH+REDUC+piano.xml
352,4,55,0.38300000000000001,4,Moussorgsky_TableauxProm(24 mes)_ORCH+REDUC+piano.xml
356,1,48,0.38300000000000001,4,Moussorgsky_TableauxProm(24 mes)_ORCH+REDUC+piano.xml
357,1,48,0.36871428571428572,4,Moussorgsky_TableauxProm(24 mes)_ORCH+REDUC+piano.xml
358,1,48,0.35442857142857143,4,Moussorgsky_TableauxProm(24 mes)_ORCH+REDUC+piano.xml
359,1,48,0.34014285714285719,4,Moussorgsky_TableauxProm(24 mes)_ORCH+REDUC+piano.xml
360,1,53,0.3258571428571429,4,Moussorgsky_TableauxProm(24 mes)_ORCH+REDUC+piano.xml
361,1,53,0.31157142857142861,4,Moussorgsky_TableauxProm(24 mes)_ORCH+REDUC+piano.xml
362,1,53,0.29728571428571432,4,Moussorgsky_TableauxProm(24 mes)_ORCH+REDUC+piano.xml
363,1,53,0.28300000000000003,4,Moussorgsky_TableauxProm(24 mes)_ORCH+REDUC+piano.xml
376,4,53,0.75,4,Moussorgsky_TableauxProm(24 mes)_ORCH+REDUC+piano.xml
376,4,65,0.75,4,Moussorgsky_TableauxProm(24 mes)_ORCH+REDUC+piano.xml
380,4,55,0.75,4,Moussorgsky_TableauxProm(24 mes)_ORCH+REDUC+piano.xml
380,4,58,0.75,4,Moussorgsky_TableauxProm(24 mes)_ORCH+REDUC+piano.xml
384,12,53,0.75,4,Moussorgsky_TableauxProm(24 mes)_ORCH+REDUC+piano.xml
384,2,57,0.75,4,Moussorgsky_TableauxProm(24 mes)_ORCH+REDUC+piano.xml
386,2,50,0.75,4,Moussorgsky_TableauxProm(24 mes)_ORCH+REDUC+piano.xml
396,4,60,0.75,4,Moussorgsky_TableauxProm(24 mes)_ORCH+REDUC+piano.xml
400,4,58,0.75,4,Moussorgsky_TableauxProm(24 mes)_ORCH+REDUC+piano.xml
400,4,63,0.75,4,Moussorgsky_TableauxProm(24 mes)_ORCH+REDUC+piano.xml
404,4,53,0.75,4,Moussorgsky_TableauxProm(24 mes)_ORCH+REDUC+piano.xml
408,4,55,0.75,4,Moussorgsky_TableauxProm(24 mes)_ORCH+REDUC+piano.xml
412,4,53,0.75,4,Moussorgsky_TableauxProm(24 mes)_ORCH+REDUC+piano.xml
416,4,43,0.75,4,Moussorgsky_TableauxProm(24 mes)_ORCH+REDUC+piano.xml
416,2,51,0.75,4,Moussorgsky_TableauxProm(24 mes)_ORCH+REDUC+piano.xml
418,2,50,0.75,4,Moussorgsky_TableauxProm(24 mes)_ORCH+REDUC+piano.xml
420,2,48,0.75,4,Moussorgsky_TableauxProm(24 mes)_ORCH+REDUC+piano.xml
422,2,46,0.75,4,Moussorgsky_TableauxProm(24 mes)_ORCH+REDUC+piano.xml
424,4,48,0.75,4,Moussorgsky_TableauxProm(24 mes)_ORCH+REDUC+piano.xml
428,4,50,0.75,4,Moussorgsky_TableauxProm(24 mes)_ORCH+REDUC+piano.xml
432,4,53,0.75,4,Moussorgsky_TableauxProm(24 mes)_ORCH+REDUC+piano.xml
432,4,57,0.75,4,Moussorgsky_TableauxProm(24 mes)_ORCH+REDUC+piano.xml
436,2,55,0.75,4,Moussorgsky_TableauxProm(24 mes)_ORCH+REDUC+piano.xml
438,2,58,0.75,4,Moussorgsky_TableauxProm(24 mes)_ORCH+REDUC+piano.xml
440,4,53,0.75,4,Moussorgsky_TableauxProm(24 mes)_ORCH+REDUC+piano.xml
444,4,55,0.75,4,Moussorgsky_TableauxProm(24 mes)_ORCH+REDUC+piano.xml
448,4,53,0.75,4,Moussorgsky_TableauxProm(24 mes)_ORCH+REDUC+piano.xml
460,2,55,0.75,4,Moussorgsky_TableauxProm(24 mes)_ORCH+REDUC+piano.xml
462,2,58,0.75,4,Moussorgsky_TableauxProm(24 mes)_ORCH+REDUC+piano.xml
464,4,53,0.75,4,Moussorgsky_TableauxProm(24 mes)_ORCH+REDUC+piano.xml
468,4,55,0.75,4,Moussorgsky_TableauxProm(24 mes)_ORCH+REDUC+piano.xml
472,4,53,0.75,4,Moussorgsky_TableauxProm(24 mes)_ORCH+REDUC+piano.xml
520,4,50,0.75,4,Moussorgsky_TableauxProm(24 mes)_ORCH+REDUC+piano.xml
520,4,55,0.75,4,Moussorgsky_TableauxProm(24 mes)_ORCH+REDUC+piano.xml
524,4,48,0.75,4,Moussorgsky_TableauxProm(24 mes)_ORCH+REDUC+piano.xml
524,16,53,0.75,4,Moussorgsky_TableauxProm(24 mes)_ORCH+REDUC+piano.xml
524,4,57,0.75,4,Moussorgsky_TableauxProm(24 mes)_ORCH+REDUC+piano.xml
528,4,58,0.75,4,Moussorgsky_TableauxProm(24 mes)_ORCH+REDUC+piano.xml
532,4,57,0.75,4,Moussorgsky_TableauxProm(24 mes)_ORCH+REDUC+piano.xml
532,2,60,0.75,4,Moussorgsky_TableauxProm(24 mes)_ORCH+REDUC+piano.xml
534,2,65,0.75,4,Moussorgsky_TableauxProm(24 mes)_ORCH+REDUC+piano.xml
536,8,58,0.75,4,Moussorgsky_TableauxProm(24 mes)_ORCH+REDUC+piano.xml
536,4,62,0.75,4,Moussorgsky_TableauxProm(24 mes)_ORCH+REDUC+piano.xml
540,4,50,0.75,4,Moussorgsky_TableauxProm(24 mes)_ORCH+REDUC+piano.xml
540,8,55,0.75,4,Moussorgsky_TableauxProm(24 mes)_ORCH+REDUC+piano.xml
544,8,60,0.75,4,Moussorgsky_TableauxProm(24 mes)_ORCH+REDUC+piano.xml
544,4,63,0.75,4,Moussorgsky_TableauxProm(24 mes)_ORCH+REDUC+piano.xml
548,8,53,0.75,4,Moussorgsky_TableauxProm(24 mes)_ORCH+REDUC+piano.xml
548,4,57,0.75,4,Moussorgsky_TableauxProm(24 mes)_ORCH+REDUC+piano.xml
552,4,50,0.75,4,Moussorgsky_TableauxProm(24 mes)_ORCH+REDUC+piano.xml
552,4,58,0.75,4,Moussorgsky_TableauxProm(24 mes)_ORCH+REDUC+piano.xml
