t0,dt,pitch,dyn,quantization,filename
176,4,56,0.625,4,Moussorgsky_TableauxProm(24 mes)_ORCH+REDUC+piano.xml
180,4,58,0.625,4,Moussorgsky_TableauxProm(24 mes)_ORCH+REDUC+piano.xml
184,4,56,0.625,4,Moussorgsky_TableauxProm(24 mes)_ORCH+REDUC+piano.xml
188,2,58,0.625,4,Moussorgsky_TableauxProm(24 mes)_ORCH+REDUC+piano.xml
190,2,60,0.625,4,Moussorgsky_TableauxProm(24 mes)_ORCH+REDUC+piano.xml
192,2,63,0.625,4,Moussorgsky_TableauxProm(24 mes)_ORCH+REDUC+piano.xml
194,2,58,0.625,4,Moussorgsky_TableauxProm(24 mes)_ORCH+REDUC+piano.xml
196,4,56,0.625,4,Moussorgsky_TableauxProm(24 mes)_ORCH+REDUC+piano.xml
200,2,61,0.625,4,Moussorgsky_TableauxProm(24 mes)_ORCH+REDUC+piano.xml
202,2,63,0.625,4,Moussorgsky_TableauxProm(24 mes)_ORCH+REDUC+piano.xml
204,2,65,0.625,4,Moussorgsky_TableauxProm(24 mes)_ORCH+REDUC+piano.xml
206,2,68,0.625,4,Moussorgsky_TableauxProm(24 mes)_ORCH+REDUC+piano.xml
208,2,66,0.625,4,Moussorgsky_TableauxProm(24 mes)_ORCH+REDUC+piano.xml
210,2,65,0.625,4,Moussorgsky_TableauxProm(24 mes)_ORCH+REDUC+piano.xml
212,2,63,0.625,4,Moussorgsky_TableauxProm(24 mes)_ORCH+REDUC+piano.xml
214,2,66,0.625,4,Moussorgsky_TableauxProm(24 mes)_ORCH+REDUC+piano.xml
216,2,65,0.625,4,Moussorgsky_TableauxProm(24 mes)_ORCH+REDUC+piano.xml
218,2,61,0.625,4,Moussorgsky_TableauxProm(24 mes)_ORCH+REDUC+piano.xml
220,4,63,0.625,4,Moussorgsky_TableauxProm(24 mes)_ORCH+REDUC+piano.xml
224,4,56,0.625,4,Moussorgsky_TableauxProm(24 mes)_ORCH+REDUC+piano.xml
228,4,58,0.625,4,Moussorgsky_TableauxProm(24 mes)_ORCH+REDUC+piano.xml
232,4,56,0.625,4,Moussorgsky_TableauxProm(24 mes)_ORCH+REDUC+piano.xml
236,2,58,0.625,4,Moussorgsky_TableauxProm(24 mes)_ORCH+REDUC+piano.xml
238,2,60,0.625,4,Moussorgsky_TableauxProm(24 mes)_ORCH+REDUC+piano.xml
240,2,63,0.625,4,Moussorgsky_TableauxProm(24 mes)_ORCH+REDUC+piano.xml
242,2,58,0.625,4,Moussorgsky_TableauxProm(24 mes)_ORCH+REDUC+piano.xml
244,1,60,0.625,4,Moussorgsky_TableauxProm(24 mes)_ORCH+REDUC+piano.xml
245,1,60,0.6293478260869565,4,Moussorgsky_TableauxProm(24 mes)_ORCH+REDUC+piano.xml
246,1,60,0.63369565217391299,4,Moussorgsky_TableauxProm(24 mes)_ORCH+REDUC+piano.xml
247,1,60,0.6380434782608696,4,Moussorgsky_TableauxProm(24 mes)_ORCH+REDUC+piano.xml
248,1,62,0.6423913043478261,4,Moussorgsky_TableauxProm(24 mes)_ORCH+REDUC+piano.xml
249,1,62,0.64673913043478259,4,Moussorgsky_TableauxProm(24 mes)_ORCH+REDUC+piano.xml
250,1,62,0.65108695652173909,4,Moussorgsky_TableauxProm(24 mes)_ORCH+REDUC+piano.xml
251,1,62,0.6554347826086957,4,Moussorgsky_TableauxProm(24 mes)_ORCH+REDUC+piano.xml
252,1,60,0.6597826086956522,4,Moussorgsky_TableauxProm(24 mes)_ORCH+REDUC+piano.xml
253,1,60,0.66413043478260869,4,Moussorgsky_TableauxProm(24 mes)_ORCH+REDUC+piano.xml
254,1,60,0.66847826086956519,4,Moussorgsky_TableauxProm(24 mes)_ORCH+REDUC+piano.xml
255,1,60,0.67282608695652169,4,Moussorgsky_TableauxProm(24 mes)_ORCH+REDUC+piano.xml
256,1,62,0.67717391304347829,4,Moussorgsky_TableauxProm(24 mes)_ORCH+REDUC+piano.xml
257,1,62,0.68152173913043479,4,Moussorgsky_TableauxProm(24 mes)_ORCH+REDUC+piano.xml
258,1,65,0.68586956521739129,4,Moussorgsky_TableauxProm(24 mes)_ORCH+REDUC+piano.xml
259,1,65,0.69021739130434778,4,Moussorgsky_TableauxProm(24 mes)_ORCH+REDUC+piano.xml
260,1,67,0.69456521739130439,4,Moussorgsky_TableauxProm(24 mes)_ORCH+REDUC+piano.xml
261,1,67,0.69891304347826089,4,Moussorgsky_TableauxProm(24 mes)_ORCH+REDUC+piano.xml
262,1,62,0.70326086956521738,4,Moussorgsky_TableauxProm(24 mes)_ORCH+REDUC+piano.xml
263,1,62,0.70760869565217388,4,Moussorgsky_TableauxProm(24 mes)_ORCH+REDUC+piano.xml
264,1,60,0.71195652173913038,4,Moussorgsky_TableauxProm(24 mes)_ORCH+REDUC+piano.xml
265,1,60,0.71630434782608698,4,Moussorgsky_TableauxProm(24 mes)_ORCH+REDUC+piano.xml
266,1,60,0.72065217391304348,4,Moussorgsky_TableauxProm(24 mes)_ORCH+REDUC+piano.xml
267,1,60,0.72499999999999998,4,Moussorgsky_TableauxProm(24 mes)_ORCH+REDUC+piano.xml
268,2,65,0.75,4,Moussorgsky_TableauxProm(24 mes)_ORCH+REDUC+piano.xml
270,2,67,0.75,4,Moussorgsky_TableauxProm(24 mes)_ORCH+REDUC+piano.xml
272,2,69,0.75,4,Moussorgsky_TableauxProm(24 mes)_ORCH+REDUC+piano.xml
274,2,72,0.75,4,Moussorgsky_TableauxProm(24 mes)_ORCH+REDUC+piano.xml
276,2,70,0.75,4,Moussorgsky_TableauxProm(24 mes)_ORCH+REDUC+piano.xml
278,2,69,0.75,4,Moussorgsky_TableauxProm(24 mes)_ORCH+REDUC+piano.xml
280,2,67,0.75,4,Moussorgsky_TableauxProm(24 mes)_ORCH+REDUC+piano.xml
282,2,70,0.75,4,Moussorgsky_TableauxProm(24 mes)_ORCH+REDUC+piano.xml
284,2,69,0.75,4,Moussorgsky_TableauxProm(24 mes)_ORCH+REDUC+piano.xml
286,2,65,0.75,4,Moussorgsky_TableauxProm(24 mes)_ORCH+REDUC+piano.xml
288,4,67,0.75,4,Moussorgsky_TableauxProm(24 mes)_ORCH+REDUC+piano.xml
308,4,69,0.625,4,Moussorgsky_TableauxProm(24 mes)_ORCH+REDUC+piano.xml
312,4,62,0.625,4,Moussorgsky_TableauxProm(24 mes)_ORCH+REDUC+piano.xml
332,2,65,0.38300000000000001,4,Moussorgsky_TableauxProm(24 mes)_ORCH+REDUC+piano.xml
334,2,60,0.38300000000000001,4,Moussorgsky_TableauxProm(24 mes)_ORCH+REDUC+piano.xml
336,4,62,0.38300000000000001,4,Moussorgsky_TableauxProm(24 mes)_ORCH+REDUC+piano.xml
352,4,60,0.38300000000000001,4,Moussorgsky_TableauxProm(24 mes)_ORCH+REDUC+piano.xml
356,1,57,0.38300000000000001,4,Moussorgsky_TableauxProm(24 mes)_ORCH+REDUC+piano.xml
357,1,57,0.30640000000000001,4,Moussorgsky_TableauxProm(24 mes)_ORCH+REDUC+piano.xml
358,1,57,0.2298,4,Moussorgsky_TableauxProm(24 mes)_ORCH+REDUC+piano.xml
359,1,57,0.1532,4,Moussorgsky_TableauxProm(24 mes)_ORCH+REDUC+piano.xml
360,1,58,0.076600000000000001,4,Moussorgsky_TableauxProm(24 mes)_ORCH+REDUC+piano.xml
362,2,62,0.28300000000000003,4,Moussorgsky_TableauxProm(24 mes)_ORCH+REDUC+piano.xml
376,4,65,0.75,4,Moussorgsky_TableauxProm(24 mes)_ORCH+REDUC+piano.xml
380,2,63,0.75,4,Moussorgsky_TableauxProm(24 mes)_ORCH+REDUC+piano.xml
382,2,62,0.75,4,Moussorgsky_TableauxProm(24 mes)_ORCH+REDUC+piano.xml
384,2,60,0.75,4,Moussorgsky_TableauxProm(24 mes)_ORCH+REDUC+piano.xml
386,2,58,0.75,4,Moussorgsky_TableauxProm(24 mes)_ORCH+REDUC+piano.xml
388,4,60,0.75,4,Moussorgsky_TableauxProm(24 mes)_ORCH+REDUC+piano.xml
392,4,62,0.75,4,Moussorgsky_TableauxProm(24 mes)_ORCH+REDUC+piano.xml
396,4,65,0.75,4,Moussorgsky_TableauxProm(24 mes)_ORCH+REDUC+piano.xml
400,2,67,0.75,4,Moussorgsky_TableauxProm(24 mes)_ORCH+REDUC+piano.xml
402,2,70,0.75,4,Moussorgsky_TableauxProm(24 mes)_ORCH+REDUC+piano.xml
404,4,65,0.75,4,Moussorgsky_TableauxProm(24 mes)_ORCH+REDUC+piano.xml
408,4,67,0.75,4,Moussorgsky_TableauxProm(24 mes)_ORCH+REDUC+piano.xml
412,4,65,0.75,4,Moussorgsky_TableauxProm(24 mes)_ORCH+REDUC+piano.xml
416,2,63,0.75,4,Moussorgsky_TableauxProm(24 mes)_ORCH+REDUC+piano.xml
418,2,62,0.75,4,Moussorgsky_TableauxProm(24 mes)_ORCH+REDUC+piano.xml
420,2,60,0.75,4,Moussorgsky_TableauxProm(24 mes)_ORCH+REDUC+piano.xml
422,2,58,0.75,4,Moussorgsky_TableauxProm(24 mes)_ORCH+REDUC+piano.xml
424,4,60,0.75,4,Moussorgsky_TableauxProm(24 mes)_ORCH+REDUC+piano.xml
428,4,62,0.75,4,Moussorgsky_TableauxProm(24 mes)_ORCH+REDUC+piano.xml
432,4,65,0.75,4,Moussorgsky_TableauxProm(24 mes)_ORCH+REDUC+piano.xml
436,2,58,0.75,4,Moussorgsky_TableauxProm(24 mes)_ORCH+REDUC+piano.xml
436,2,67,0.75,4,Moussorgsky_TableauxProm(24 mes)_ORCH+REDUC+piano.xml
438,2,70,0.75,4,Moussorgsky_TableauxProm(24 mes)_ORCH+REDUC+piano.xml
440,4,65,0.75,4,Moussorgsky_TableauxProm(24 mes)_ORCH+REDUC+piano.xml
444,4,67,0.75,4,Moussorgsky_TableauxProm(24 mes)_ORCH+REDUC+piano.xml
448,4,65,0.75,4,Moussorgsky_TableauxProm(24 mes)_ORCH+REDUC+piano.xml
460,2,58,0.75,4,Moussorgsky_TableauxProm(24 mes)_ORCH+REDUC+piano.xml
460,2,67,0.75,4,Moussorgsky_TableauxProm(24 mes)_ORCH+REDUC+piano.xml
462,2,70,0.75,4,Moussorgsky_TableauxProm(24 mes)_ORCH+REDUC+piano.xml
464,4,65,0.75,4,Moussorgsky_TableauxProm(24 mes)_ORCH+REDUC+piano.xml
468,4,67,0.75,4,Moussorgsky_TableauxProm(24 mes)_ORCH+REDUC+piano.xml
472,4,65,0.75,4,Moussorgsky_TableauxProm(24 mes)_ORCH+REDUC+piano.xml
520,4,62,0.75,4,Moussorgsky_TableauxProm(24 mes)_ORCH+REDUC+piano.xml
520,4,67,0.75,4,Moussorgsky_TableauxProm(24 mes)_ORCH+REDUC+piano.xml
524,4,60,0.75,4,Moussorgsky_TableauxProm(24 mes)_ORCH+REDUC+piano.xml
524,16,65,0.75,4,Moussorgsky_TableauxProm(24 mes)_ORCH+REDUC+piano.xml
528,4,70,0.75,4,Moussorgsky_TableauxProm(24 mes)_ORCH+REDUC+piano.xml
532,4,69,0.75,4,Moussorgsky_TableauxProm(24 mes)_ORCH+REDUC+piano.xml
532,2,72,0.75,4,Moussorgsky_TableauxProm(24 mes)_ORCH+REDUC+piano.xml
534,2,77,0.75,4,Moussorgsky_TableauxProm(24 mes)_ORCH+REDUC+piano.xml
536,8,70,0.75,4,Moussorgsky_TableauxProm(24 mes)_ORCH+REDUC+piano.xml
536,4,74,0.75,4,Moussorgsky_TableauxProm(24 mes)_ORCH+REDUC+piano.xml
540,4,62,0.75,4,Moussorgsky_TableauxProm(24 mes)_ORCH+REDUC+piano.xml
540,8,67,0.75,4,Moussorgsky_TableauxProm(24 mes)_ORCH+REDUC+piano.xml
544,8,72,0.75,4,Moussorgsky_TableauxProm(24 mes)_ORCH+REDUC+piano.xml
544,4,75,0.75,4,Moussorgsky_TableauxProm(24 mes)_ORCH+REDUC+piano.xml
548,8,65,0.75,4,Moussorgsky_TableauxProm(24 mes)_ORCH+REDUC+piano.xml
548,4,69,0.75,4,Moussorgsky_TableauxProm(24 mes)_ORCH+REDUC+piano.xml
552,4,62,0.75,4,Moussorgsky_TableauxProm(24 mes)_ORCH+REDUC+piano.xml
552,4,70,0.75,4,Moussorgsky_TableauxProm(24 mes)_ORCH+REDUC+piano.xml
