x,y,z
0,51,77.0
0,63,69.0
0,67,62.0
1,51,77.0
1,63,69.0
1,67,62.0
2,51,77.0
2,63,69.0
2,67,62.0
3,51,77.0
3,63,69.0
3,67,62.0
4,51,77.0
4,63,69.0
4,67,62.0
5,51,77.0
5,63,69.0
5,67,62.0
6,51,77.0
6,63,69.0
6,67,62.0
7,51,77.0
7,63,69.0
7,67,62.0
8,51,77.0
8,63,69.0
8,67,62.0
9,51,77.0
9,63,69.0
9,67,62.0
10,51,77.0
10,63,69.0
10,67,62.0
11,51,77.0
11,63,69.0
11,67,62.0
12,51,77.0
12,63,69.0
12,67,62.0
13,51,77.0
13,63,69.0
13,67,62.0
14,51,77.0
14,63,69.0
14,67,62.0
15,51,77.0
15,63,69.0
15,67,62.0
16,51,77.0
16,63,69.0
16,67,62.0
17,51,77.0
17,63,69.0
17,67,62.0
18,51,77.0
18,63,69.0
18,67,62.0
19,51,77.0
19,63,69.0
19,67,62.0
20,51,77.0
20,63,69.0
20,67,62.0
21,51,77.0
21,63,69.0
21,67,62.0
22,51,77.0
22,63,69.0
22,67,62.0
23,51,77.0
23,63,69.0
23,67,62.0
24,51,77.0
24,63,69.0
24,67,62.0
25,51,77.0
25,63,69.0
25,67,62.0
26,51,77.0
26,63,69.0
26,67,62.0
27,51,77.0
27,63,69.0
27,67,62.0
28,51,77.0
28,63,69.0
28,67,62.0
29,51,77.0
29,63,69.0
29,67,62.0
30,51,77.0
30,63,69.0
30,67,62.0
31,51,77.0
31,63,69.0
31,67,62.0
32,51,77.0
32,63,69.0
32,67,62.0
33,51,77.0
33,63,69.0
33,67,62.0
34,51,77.0
34,63,69.0
34,67,62.0
35,51,77.0
35,63,69.0
35,67,62.0
36,55,77.0
36,62,69.0
36,65,62.0
37,55,77.0
37,62,69.0
37,65,62.0
38,55,77.0
38,62,69.0
38,65,62.0
39,55,77.0
39,62,69.0
39,65,62.0
40,55,77.0
40,62,69.0
40,65,62.0
41,55,77.0
41,62,69.0
41,65,62.0
42,55,77.0
42,62,69.0
42,65,62.0
43,55,77.0
43,62,69.0
43,65,62.0
44,55,77.0
44,62,69.0
44,65,62.0
45,55,77.0
45,62,69.0
45,65,62.0
46,55,77.0
46,62,69.0
46,65,62.0
47,55,77.0
47,62,69.0
47,65,62.0
48,55,77.0
48,62,69.0
48,65,62.0
49,55,77.0
49,62,69.0
49,65,62.0
50,55,77.0
50,62,69.0
50,65,62.0
51,55,77.0
51,62,69.0
51,65,62.0
52,55,77.0
52,62,69.0
52,65,62.0
53,55,77.0
53,62,69.0
53,65,62.0
54,55,77.0
54,62,69.0
54,65,62.0
55,55,77.0
55,62,69.0
55,65,62.0
56,55,77.0
56,62,69.0
56,65,62.0
57,55,77.0
57,62,69.0
57,65,62.0
58,55,77.0
58,62,69.0
58,65,62.0
59,55,77.0
59,62,69.0
59,65,62.0
60,55,77.0
60,62,69.0
60,65,62.0
61,55,77.0
61,62,69.0
61,65,62.0
62,55,77.0
62,62,69.0
62,65,62.0
63,55,77.0
63,62,69.0
63,65,62.0
64,55,77.0
64,62,69.0
64,65,62.0
65,55,77.0
65,62,69.0
65,65,62.0
66,55,77.0
66,62,69.0
66,65,62.0
67,55,77.0
67,62,69.0
67,65,62.0
68,55,77.0
68,62,69.0
68,65,62.0
69,55,77.0
69,62,69.0
69,65,62.0
70,55,77.0
70,62,69.0
70,65,62.0
71,55,77.0
71,62,69.0
71,65,62.0
72,60,146.0
72,63,62.0
73,60,146.0
73,63,62.0
74,60,146.0
74,63,62.0
75,60,146.0
75,63,62.0
76,60,146.0
76,63,62.0
77,60,146.0
77,63,62.0
78,60,146.0
78,63,62.0
79,60,146.0
79,63,62.0
80,60,146.0
80,63,62.0
81,60,146.0
81,63,62.0
82,60,146.0
82,63,62.0
83,60,146.0
83,63,62.0
84,60,146.0
84,63,62.0
85,60,146.0
85,63,62.0
86,60,146.0
86,63,62.0
87,60,146.0
87,63,62.0
88,60,146.0
88,63,62.0
89,60,146.0
89,63,62.0
90,60,146.0
90,63,62.0
91,60,146.0
91,63,62.0
92,60,146.0
92,63,62.0
93,60,146.0
93,63,62.0
94,60,146.0
94,63,62.0
95,60,146.0
95,63,62.0
96,60,146.0
96,63,62.0
97,60,146.0
97,63,62.0
98,60,146.0
98,63,62.0
99,60,146.0
99,63,62.0
100,60,146.0
100,63,62.0
101,60,146.0
101,63,62.0
102,60,146.0
102,63,62.0
103,60,146.0
103,63,62.0
104,60,146.0
104,63,62.0
105,60,146.0
105,63,62.0
106,60,146.0
106,63,62.0
107,60,146.0
107,63,62.0
108,55,146.0
108,62,62.0
109,55,146.0
109,62,62.0
110,55,146.0
110,62,62.0
111,55,146.0
111,62,62.0
112,55,146.0
112,62,62.0
113,55,146.0
113,62,62.0
114,55,146.0
114,62,62.0
115,55,146.0
115,62,62.0
116,55,146.0
116,62,62.0
117,55,146.0
117,62,62.0
118,55,146.0
118,62,62.0
119,55,146.0
119,62,62.0
120,55,146.0
120,62,62.0
121,55,146.0
121,62,62.0
122,55,146.0
122,62,62.0
123,55,146.0
123,62,62.0
124,55,146.0
124,62,62.0
125,55,146.0
125,62,62.0
126,55,146.0
126,62,62.0
127,55,146.0
127,62,62.0
128,55,146.0
128,62,62.0
129,55,146.0
129,62,62.0
130,55,146.0
130,62,62.0
131,55,146.0
131,62,62.0
132,55,146.0
132,62,62.0
133,55,146.0
133,62,62.0
134,55,146.0
134,62,62.0
135,55,146.0
135,62,62.0
136,55,146.0
136,62,62.0
137,55,146.0
137,62,62.0
138,55,146.0
138,62,62.0
139,55,146.0
139,62,62.0
140,55,146.0
140,62,62.0
141,55,146.0
141,62,62.0
142,55,146.0
142,62,62.0
143,55,146.0
143,62,62.0
144,55,86.0
144,60,77.0
144,67,69.0
145,55,86.0
145,60,77.0
145,67,69.0
146,55,86.0
146,60,77.0
146,67,69.0
147,55,86.0
147,60,77.0
147,67,69.0
148,55,86.0
148,60,77.0
148,67,69.0
149,55,86.0
149,60,77.0
149,67,69.0
150,55,86.0
150,60,77.0
150,67,69.0
151,55,86.0
151,60,77.0
151,67,69.0
152,55,86.0
152,60,77.0
152,67,69.0
153,55,86.0
153,60,77.0
153,67,69.0
154,55,86.0
154,60,77.0
154,67,69.0
155,55,86.0
155,60,77.0
155,67,69.0
156,55,86.0
156,60,77.0
156,67,69.0
157,55,86.0
157,60,77.0
157,67,69.0
158,55,86.0
158,60,77.0
158,67,69.0
159,55,86.0
159,60,77.0
159,67,69.0
160,55,86.0
160,60,77.0
160,67,69.0
161,55,86.0
161,60,77.0
161,67,69.0
162,55,86.0
162,60,77.0
162,67,69.0
163,55,86.0
163,60,77.0
163,67,69.0
164,55,86.0
164,60,77.0
164,67,69.0
165,55,86.0
165,60,77.0
165,67,69.0
166,55,86.0
166,60,77.0
166,67,69.0
167,55,86.0
167,60,77.0
167,67,69.0
168,55,86.0
168,60,77.0
168,67,69.0
169,55,86.0
169,60,77.0
169,67,69.0
170,55,86.0
170,60,77.0
170,67,69.0
171,55,86.0
171,60,77.0
171,67,69.0
172,55,86.0
172,60,77.0
172,67,69.0
173,55,86.0
173,60,77.0
173,67,69.0
174,55,86.0
174,60,77.0
174,67,69.0
175,55,86.0
175,60,77.0
175,67,69.0
176,55,86.0
176,60,77.0
176,67,69.0
177,55,86.0
177,60,77.0
177,67,69.0
178,55,86.0
178,60,77.0
178,67,69.0
179,55,86.0
179,60,77.0
179,67,69.0
180,55,86.0
180,62,77.0
180,65,69.0
181,55,86.0
181,62,77.0
181,65,69.0
182,55,86.0
182,62,77.0
182,65,69.0
183,55,86.0
183,62,77.0
183,65,69.0
184,55,86.0
184,62,77.0
184,65,69.0
185,55,86.0
185,62,77.0
185,65,69.0
186,55,86.0
186,62,77.0
186,65,69.0
187,55,86.0
187,62,77.0
187,65,69.0
188,55,86.0
188,62,77.0
188,65,69.0
189,55,86.0
189,62,77.0
189,65,69.0
190,55,86.0
190,62,77.0
190,65,69.0
191,55,86.0
191,62,77.0
191,65,69.0
192,55,89.0
192,62,77.0
192,65,69.0
193,55,89.0
193,62,77.0
193,65,69.0
194,55,89.0
194,62,77.0
194,65,69.0
195,55,89.0
195,62,77.0
195,65,69.0
196,55,89.0
196,62,77.0
196,65,69.0
197,55,89.0
197,62,77.0
197,65,69.0
198,55,91.0
198,62,77.0
198,65,69.0
199,55,91.0
199,62,77.0
199,65,69.0
200,55,91.0
200,62,77.0
200,65,69.0
201,55,91.0
201,62,77.0
201,65,69.0
202,55,91.0
202,62,77.0
202,65,69.0
203,55,91.0
203,62,77.0
203,65,69.0
204,55,93.0
204,62,77.0
204,65,69.0
205,55,93.0
205,62,77.0
205,65,69.0
206,55,93.0
206,62,77.0
206,65,69.0
207,55,93.0
207,62,77.0
207,65,69.0
208,55,93.0
208,62,77.0
208,65,69.0
209,55,93.0
209,62,77.0
209,65,69.0
210,55,93.0
210,62,77.0
210,65,69.0
211,55,93.0
211,62,77.0
211,65,69.0
212,55,93.0
212,62,77.0
212,65,69.0
213,55,93.0
213,62,77.0
213,65,69.0
214,55,93.0
214,62,77.0
214,65,69.0
215,55,93.0
215,62,77.0
215,65,69.0
216,55,97.0
216,63,146.0
217,55,97.0
217,63,146.0
218,55,97.0
218,63,146.0
219,55,97.0
219,63,146.0
220,55,97.0
220,63,146.0
221,55,97.0
221,63,146.0
222,55,97.0
222,63,146.0
223,55,97.0
223,63,146.0
224,55,97.0
224,63,146.0
225,55,97.0
225,63,146.0
226,55,97.0
226,63,146.0
227,55,97.0
227,63,146.0
228,55,100.0
228,63,146.0
229,55,100.0
229,63,146.0
230,55,100.0
230,63,146.0
231,55,100.0
231,63,146.0
232,55,100.0
232,63,146.0
233,55,100.0
233,63,146.0
234,55,102.0
234,63,146.0
235,55,102.0
235,63,146.0
236,55,102.0
236,63,146.0
237,55,102.0
237,63,146.0
238,55,102.0
238,63,146.0
239,55,102.0
239,63,146.0
240,55,104.0
240,63,146.0
241,55,104.0
241,63,146.0
242,55,104.0
242,63,146.0
243,55,104.0
243,63,146.0
244,55,104.0
244,63,146.0
245,55,104.0
245,63,146.0
246,55,104.0
246,63,146.0
247,55,104.0
247,63,146.0
248,55,104.0
248,63,146.0
249,55,104.0
249,63,146.0
250,55,104.0
250,63,146.0
251,55,104.0
251,63,146.0
252,55,107.0
252,62,146.0
253,55,107.0
253,62,146.0
254,55,107.0
254,62,146.0
255,55,107.0
255,62,146.0
256,55,107.0
256,62,146.0
257,55,107.0
257,62,146.0
258,55,111.0
258,62,146.0
259,55,111.0
259,62,146.0
260,55,111.0
260,62,146.0
261,55,111.0
261,62,146.0
262,55,111.0
262,62,146.0
263,55,111.0
263,62,146.0
264,55,113.0
264,62,146.0
265,55,113.0
265,62,146.0
266,55,113.0
266,62,146.0
267,55,113.0
267,62,146.0
268,55,113.0
268,62,146.0
269,55,113.0
269,62,146.0
270,55,114.0
270,62,146.0
271,55,114.0
271,62,146.0
272,55,114.0
272,62,146.0
273,55,114.0
273,62,146.0
274,55,114.0
274,62,146.0
275,55,114.0
275,62,146.0
276,55,114.0
276,62,146.0
277,55,114.0
277,62,146.0
278,55,114.0
278,62,146.0
279,55,114.0
279,62,146.0
280,55,114.0
280,62,146.0
281,55,114.0
281,62,146.0
282,58,95.0
282,62,146.0
283,58,95.0
283,62,146.0
284,58,95.0
284,62,146.0
285,58,95.0
285,62,146.0
286,58,95.0
286,62,146.0
287,58,95.0
287,62,146.0
288,58,95.0
288,62,86.0
288,67,77.0
289,58,95.0
289,62,86.0
289,67,77.0
290,58,95.0
290,62,86.0
290,67,77.0
291,58,95.0
291,62,86.0
291,67,77.0
292,58,95.0
292,62,86.0
292,67,77.0
293,58,95.0
293,62,86.0
293,67,77.0
294,57,95.0
294,62,86.0
294,67,77.0
295,57,95.0
295,62,86.0
295,67,77.0
296,57,95.0
296,62,86.0
296,67,77.0
297,57,95.0
297,62,86.0
297,67,77.0
298,57,95.0
298,62,86.0
298,67,77.0
299,57,95.0
299,62,86.0
299,67,77.0
300,58,95.0
300,62,86.0
300,67,77.0
301,58,95.0
301,62,86.0
301,67,77.0
302,58,95.0
302,62,86.0
302,67,77.0
303,58,95.0
303,62,86.0
303,67,77.0
304,58,95.0
304,62,86.0
304,67,77.0
305,58,95.0
305,62,86.0
305,67,77.0
306,55,95.0
306,62,86.0
306,67,77.0
307,55,95.0
307,62,86.0
307,67,77.0
308,55,95.0
308,62,86.0
308,67,77.0
309,55,95.0
309,62,86.0
309,67,77.0
310,55,95.0
310,62,86.0
310,67,77.0
311,55,95.0
311,62,86.0
311,67,77.0
312,55,95.0
312,62,86.0
312,67,77.0
313,55,95.0
313,62,86.0
313,67,77.0
314,55,95.0
314,62,86.0
314,67,77.0
315,55,95.0
315,62,86.0
315,67,77.0
316,55,95.0
316,62,86.0
316,67,77.0
317,55,95.0
317,62,86.0
317,67,77.0
318,58,95.0
318,62,86.0
318,67,77.0
319,58,95.0
319,62,86.0
319,67,77.0
320,58,95.0
320,62,86.0
320,67,77.0
321,58,95.0
321,62,86.0
321,67,77.0
322,58,95.0
322,62,86.0
322,67,77.0
323,58,95.0
323,62,86.0
323,67,77.0
324,58,95.0
324,64,86.0
324,67,77.0
325,58,95.0
325,64,86.0
325,67,77.0
326,58,95.0
326,64,86.0
326,67,77.0
327,58,95.0
327,64,86.0
327,67,77.0
328,58,95.0
328,64,86.0
328,67,77.0
329,58,95.0
329,64,86.0
329,67,77.0
330,57,95.0
330,64,86.0
330,67,77.0
331,57,95.0
331,64,86.0
331,67,77.0
332,57,95.0
332,64,86.0
332,67,77.0
333,57,95.0
333,64,86.0
333,67,77.0
334,57,95.0
334,64,86.0
334,67,77.0
335,57,95.0
335,64,86.0
335,67,77.0
336,58,95.0
336,65,97.0
336,67,77.0
337,58,95.0
337,65,97.0
337,67,77.0
338,58,95.0
338,65,97.0
338,67,77.0
339,58,95.0
339,65,97.0
339,67,77.0
340,58,95.0
340,65,97.0
340,67,77.0
341,58,95.0
341,65,97.0
341,67,77.0
342,55,95.0
342,65,97.0
342,67,77.0
343,55,95.0
343,65,97.0
343,67,77.0
344,55,95.0
344,65,97.0
344,67,77.0
345,55,95.0
345,65,97.0
345,67,77.0
346,55,95.0
346,65,97.0
346,67,77.0
347,55,95.0
347,65,97.0
347,67,77.0
348,55,95.0
348,63,100.0
348,67,77.0
349,55,95.0
349,63,100.0
349,67,77.0
350,55,95.0
350,63,100.0
350,67,77.0
351,55,95.0
351,63,100.0
351,67,77.0
352,55,95.0
352,63,100.0
352,67,77.0
353,55,95.0
353,63,100.0
353,67,77.0
354,58,95.0
354,62,104.0
354,67,77.0
355,58,95.0
355,62,104.0
355,67,77.0
356,58,95.0
356,62,104.0
356,67,77.0
357,58,95.0
357,62,104.0
357,67,77.0
358,58,95.0
358,62,104.0
358,67,77.0
359,58,95.0
359,62,104.0
359,67,77.0
360,58,95.0
360,62,104.0
360,67,77.0
361,58,95.0
361,62,104.0
361,67,77.0
362,58,95.0
362,62,104.0
362,67,77.0
363,58,95.0
363,62,104.0
363,67,77.0
364,58,95.0
364,62,104.0
364,67,77.0
365,58,95.0
365,62,104.0
365,67,77.0
366,57,95.0
366,67,184.0
367,57,95.0
367,67,184.0
368,57,95.0
368,67,184.0
369,57,95.0
369,67,184.0
370,57,95.0
370,67,184.0
371,57,95.0
371,67,184.0
372,58,95.0
372,65,109.0
372,67,77.0
373,58,95.0
373,65,109.0
373,67,77.0
374,58,95.0
374,65,109.0
374,67,77.0
375,58,95.0
375,65,109.0
375,67,77.0
376,58,95.0
376,65,109.0
376,67,77.0
377,58,95.0
377,65,109.0
377,67,77.0
378,55,95.0
378,63,111.0
378,67,77.0
379,55,95.0
379,63,111.0
379,67,77.0
380,55,95.0
380,63,111.0
380,67,77.0
381,55,95.0
381,63,111.0
381,67,77.0
382,55,95.0
382,63,111.0
382,67,77.0
383,55,95.0
383,63,111.0
383,67,77.0
384,55,95.0
384,62,114.0
384,67,77.0
385,55,95.0
385,62,114.0
385,67,77.0
386,55,95.0
386,62,114.0
386,67,77.0
387,55,95.0
387,62,114.0
387,67,77.0
388,55,95.0
388,62,114.0
388,67,77.0
389,55,95.0
389,62,114.0
389,67,77.0
390,58,95.0
390,62,114.0
390,67,77.0
391,58,95.0
391,62,114.0
391,67,77.0
392,58,95.0
392,62,114.0
392,67,77.0
393,58,95.0
393,62,114.0
393,67,77.0
394,58,95.0
394,62,114.0
394,67,77.0
395,58,95.0
395,62,114.0
395,67,77.0
396,58,95.0
396,62,95.0
396,67,77.0
397,58,95.0
397,62,95.0
397,67,77.0
398,58,95.0
398,62,95.0
398,67,77.0
399,58,95.0
399,62,95.0
399,67,77.0
400,58,95.0
400,62,95.0
400,67,77.0
401,58,95.0
401,62,95.0
401,67,77.0
402,57,95.0
402,62,95.0
402,67,77.0
403,57,95.0
403,62,95.0
403,67,77.0
404,57,95.0
404,62,95.0
404,67,77.0
405,57,95.0
405,62,95.0
405,67,77.0
406,57,95.0
406,62,95.0
406,67,77.0
407,57,95.0
407,62,95.0
407,67,77.0
408,58,95.0
408,63,95.0
408,67,77.0
409,58,95.0
409,63,95.0
409,67,77.0
410,58,95.0
410,63,95.0
410,67,77.0
411,58,95.0
411,63,95.0
411,67,77.0
412,58,95.0
412,63,95.0
412,67,77.0
413,58,95.0
413,63,95.0
413,67,77.0
414,55,95.0
414,63,95.0
414,67,77.0
415,55,95.0
415,63,95.0
415,67,77.0
416,55,95.0
416,63,95.0
416,67,77.0
417,55,95.0
417,63,95.0
417,67,77.0
418,55,95.0
418,63,95.0
418,67,77.0
419,55,95.0
419,63,95.0
419,67,77.0
420,55,95.0
420,62,95.0
420,67,77.0
421,55,95.0
421,62,95.0
421,67,77.0
422,55,95.0
422,62,95.0
422,67,77.0
423,55,95.0
423,62,95.0
423,67,77.0
424,55,95.0
424,62,95.0
424,67,77.0
425,55,95.0
425,62,95.0
425,67,77.0
426,50,86.0
426,60,95.0
426,67,77.0
427,50,86.0
427,60,95.0
427,67,77.0
428,50,86.0
428,60,95.0
428,67,77.0
429,50,86.0
429,60,95.0
429,67,77.0
430,50,86.0
430,60,95.0
430,67,77.0
431,50,86.0
431,60,95.0
431,67,77.0
432,50,86.0
432,62,95.0
432,70,86.0
433,50,86.0
433,62,95.0
433,70,86.0
434,50,86.0
434,62,95.0
434,70,86.0
435,50,86.0
435,62,95.0
435,70,86.0
436,50,86.0
436,62,95.0
436,70,86.0
437,50,86.0
437,62,95.0
437,70,86.0
438,50,86.0
438,62,95.0
438,70,86.0
439,50,86.0
439,62,95.0
439,70,86.0
440,50,86.0
440,62,95.0
440,70,86.0
441,50,86.0
441,62,95.0
441,70,86.0
442,50,86.0
442,62,95.0
442,70,86.0
443,50,86.0
443,62,95.0
443,70,86.0
444,50,86.0
444,62,95.0
444,69,86.0
445,50,86.0
445,62,95.0
445,69,86.0
446,50,86.0
446,62,95.0
446,69,86.0
447,50,86.0
447,62,95.0
447,69,86.0
448,50,86.0
448,62,95.0
448,69,86.0
449,50,86.0
449,62,95.0
449,69,86.0
450,50,86.0
450,62,95.0
450,70,86.0
451,50,86.0
451,62,95.0
451,70,86.0
452,50,86.0
452,62,95.0
452,70,86.0
453,50,86.0
453,62,95.0
453,70,86.0
454,50,86.0
454,62,95.0
454,70,86.0
455,50,86.0
455,62,95.0
455,70,86.0
456,50,86.0
456,62,95.0
456,67,86.0
457,50,86.0
457,62,95.0
457,67,86.0
458,50,86.0
458,62,95.0
458,67,86.0
459,50,86.0
459,62,95.0
459,67,86.0
460,50,86.0
460,62,95.0
460,67,86.0
461,50,86.0
461,62,95.0
461,67,86.0
462,50,86.0
462,62,95.0
462,67,86.0
463,50,86.0
463,62,95.0
463,67,86.0
464,50,86.0
464,62,95.0
464,67,86.0
465,50,86.0
465,62,95.0
465,67,86.0
466,50,86.0
466,62,95.0
466,67,86.0
467,50,86.0
467,62,95.0
467,67,86.0
468,50,86.0
468,63,95.0
468,70,86.0
469,50,86.0
469,63,95.0
469,70,86.0
470,50,86.0
470,63,95.0
470,70,86.0
471,50,86.0
471,63,95.0
471,70,86.0
472,50,86.0
472,63,95.0
472,70,86.0
473,50,86.0
473,63,95.0
473,70,86.0
474,50,86.0
474,63,95.0
474,70,86.0
475,50,86.0
475,63,95.0
475,70,86.0
476,50,86.0
476,63,95.0
476,70,86.0
477,50,86.0
477,63,95.0
477,70,86.0
478,50,86.0
478,63,95.0
478,70,86.0
479,50,86.0
479,63,95.0
479,70,86.0
480,50,86.0
480,63,95.0
480,69,89.0
481,50,86.0
481,63,95.0
481,69,89.0
482,50,86.0
482,63,95.0
482,69,89.0
483,50,86.0
483,63,95.0
483,69,89.0
484,50,86.0
484,63,95.0
484,69,89.0
485,50,86.0
485,63,95.0
485,69,89.0
486,50,86.0
486,63,95.0
486,70,91.0
487,50,86.0
487,63,95.0
487,70,91.0
488,50,86.0
488,63,95.0
488,70,91.0
489,50,86.0
489,63,95.0
489,70,91.0
490,50,86.0
490,63,95.0
490,70,91.0
491,50,86.0
491,63,95.0
491,70,91.0
492,50,86.0
492,65,95.0
492,67,93.0
493,50,86.0
493,65,95.0
493,67,93.0
494,50,86.0
494,65,95.0
494,67,93.0
495,50,86.0
495,65,95.0
495,67,93.0
496,50,86.0
496,65,95.0
496,67,93.0
497,50,86.0
497,65,95.0
497,67,93.0
498,50,62.0
498,63,95.0
498,67,93.0
499,50,62.0
499,63,95.0
499,67,93.0
500,50,62.0
500,63,95.0
500,67,93.0
501,50,62.0
501,63,95.0
501,67,93.0
502,50,62.0
502,63,95.0
502,67,93.0
503,50,62.0
503,63,95.0
503,67,93.0
504,50,62.0
504,62,95.0
504,70,97.0
505,50,62.0
505,62,95.0
505,70,97.0
506,50,62.0
506,62,95.0
506,70,97.0
507,50,62.0
507,62,95.0
507,70,97.0
508,50,62.0
508,62,95.0
508,70,97.0
509,50,62.0
509,62,95.0
509,70,97.0
510,50,62.0
510,62,95.0
510,70,97.0
511,50,62.0
511,62,95.0
511,70,97.0
512,50,62.0
512,62,95.0
512,70,97.0
513,50,62.0
513,62,95.0
513,70,97.0
514,50,62.0
514,62,95.0
514,70,97.0
515,50,62.0
515,62,95.0
515,70,97.0
516,50,62.0
516,62,95.0
516,69,100.0
517,50,62.0
517,62,95.0
517,69,100.0
518,50,62.0
518,62,95.0
518,69,100.0
519,50,62.0
519,62,95.0
519,69,100.0
520,50,62.0
520,62,95.0
520,69,100.0
521,50,62.0
521,62,95.0
521,69,100.0
522,50,62.0
522,62,95.0
522,70,102.0
523,50,62.0
523,62,95.0
523,70,102.0
524,50,62.0
524,62,95.0
524,70,102.0
525,50,62.0
525,62,95.0
525,70,102.0
526,50,62.0
526,62,95.0
526,70,102.0
527,50,62.0
527,62,95.0
527,70,102.0
528,50,62.0
528,62,95.0
528,67,104.0
529,50,62.0
529,62,95.0
529,67,104.0
530,50,62.0
530,62,95.0
530,67,104.0
531,50,62.0
531,62,95.0
531,67,104.0
532,50,62.0
532,62,95.0
532,67,104.0
533,50,62.0
533,62,95.0
533,67,104.0
534,50,62.0
534,62,95.0
534,67,104.0
535,50,62.0
535,62,95.0
535,67,104.0
536,50,62.0
536,62,95.0
536,67,104.0
537,50,62.0
537,62,95.0
537,67,104.0
538,50,62.0
538,62,95.0
538,67,104.0
539,50,62.0
539,62,95.0
539,67,104.0
540,50,62.0
540,58,86.0
540,70,107.0
541,50,62.0
541,58,86.0
541,70,107.0
542,50,62.0
542,58,86.0
542,70,107.0
543,50,62.0
543,58,86.0
543,70,107.0
544,50,62.0
544,58,86.0
544,70,107.0
545,50,62.0
545,58,86.0
545,70,107.0
546,50,62.0
546,57,100.0
546,69,111.0
547,50,62.0
547,57,100.0
547,69,111.0
548,50,62.0
548,57,100.0
548,69,111.0
549,50,62.0
549,57,100.0
549,69,111.0
550,50,62.0
550,57,100.0
550,69,111.0
551,50,62.0
551,57,100.0
551,69,111.0
552,50,62.0
552,58,107.0
552,70,113.0
553,50,62.0
553,58,107.0
553,70,113.0
554,50,62.0
554,58,107.0
554,70,113.0
555,50,62.0
555,58,107.0
555,70,113.0
556,50,62.0
556,58,107.0
556,70,113.0
557,50,62.0
557,58,107.0
557,70,113.0
558,51,62.0
558,55,114.0
558,67,114.0
559,51,62.0
559,55,114.0
559,67,114.0
560,51,62.0
560,55,114.0
560,67,114.0
561,51,62.0
561,55,114.0
561,67,114.0
562,51,62.0
562,55,114.0
562,67,114.0
563,51,62.0
563,55,114.0
563,67,114.0
564,51,62.0
564,55,114.0
564,67,114.0
565,51,62.0
565,55,114.0
565,67,114.0
566,51,62.0
566,55,114.0
566,67,114.0
567,51,62.0
567,55,114.0
567,67,114.0
568,51,62.0
568,55,114.0
568,67,114.0
569,51,62.0
569,55,114.0
569,67,114.0
570,55,77.0
570,58,114.0
570,67,95.0
571,55,77.0
571,58,114.0
571,67,95.0
572,55,77.0
572,58,114.0
572,67,95.0
573,55,77.0
573,58,114.0
573,67,95.0
574,55,77.0
574,58,114.0
574,67,95.0
575,55,77.0
575,58,114.0
575,67,95.0
576,55,77.0
576,57,100.0
576,67,95.0
577,55,77.0
577,57,100.0
577,67,95.0
578,55,77.0
578,57,100.0
578,67,95.0
579,55,77.0
579,57,100.0
579,67,95.0
580,55,77.0
580,57,100.0
580,67,95.0
581,55,77.0
581,57,100.0
581,67,95.0
582,55,77.0
582,58,93.0
582,67,95.0
583,55,77.0
583,58,93.0
583,67,95.0
584,55,77.0
584,58,93.0
584,67,95.0
585,55,77.0
585,58,93.0
585,67,95.0
586,55,77.0
586,58,93.0
586,67,95.0
587,55,77.0
587,58,93.0
587,67,95.0
588,55,163.0
588,67,95.0
589,55,163.0
589,67,95.0
590,55,163.0
590,67,95.0
591,55,163.0
591,67,95.0
592,55,163.0
592,67,95.0
593,55,163.0
593,67,95.0
594,55,163.0
594,67,95.0
595,55,163.0
595,67,95.0
596,55,163.0
596,67,95.0
597,55,163.0
597,67,95.0
598,55,163.0
598,67,95.0
599,55,163.0
599,67,95.0
600,55,77.0
600,58,62.0
600,67,95.0
601,55,77.0
601,58,62.0
601,67,95.0
602,55,77.0
602,58,62.0
602,67,95.0
603,55,77.0
603,58,62.0
603,67,95.0
604,55,77.0
604,58,62.0
604,67,95.0
605,55,77.0
605,58,62.0
605,67,95.0
606,55,77.0
606,57,76.0
606,67,95.0
607,55,77.0
607,57,76.0
607,67,95.0
608,55,77.0
608,57,76.0
608,67,95.0
609,55,77.0
609,57,76.0
609,67,95.0
610,55,77.0
610,57,76.0
610,67,95.0
611,55,77.0
611,57,76.0
611,67,95.0
612,55,77.0
612,58,83.0
612,67,95.0
613,55,77.0
613,58,83.0
613,67,95.0
614,55,77.0
614,58,83.0
614,67,95.0
615,55,77.0
615,58,83.0
615,67,95.0
616,55,77.0
616,58,83.0
616,67,95.0
617,55,77.0
617,58,83.0
617,67,95.0
618,55,167.0
618,67,95.0
619,55,167.0
619,67,95.0
620,55,167.0
620,67,95.0
621,55,167.0
621,67,95.0
622,55,167.0
622,67,95.0
623,55,167.0
623,67,95.0
624,55,167.0
624,67,95.0
625,55,167.0
625,67,95.0
626,55,167.0
626,67,95.0
627,55,167.0
627,67,95.0
628,55,167.0
628,67,95.0
629,55,167.0
629,67,95.0
630,55,77.0
630,58,90.0
630,67,95.0
631,55,77.0
631,58,90.0
631,67,95.0
632,55,77.0
632,58,90.0
632,67,95.0
633,55,77.0
633,58,90.0
633,67,95.0
634,55,77.0
634,58,90.0
634,67,95.0
635,55,77.0
635,58,90.0
635,67,95.0
636,55,77.0
636,57,76.0
636,67,95.0
637,55,77.0
637,57,76.0
637,67,95.0
638,55,77.0
638,57,76.0
638,67,95.0
639,55,77.0
639,57,76.0
639,67,95.0
640,55,77.0
640,57,76.0
640,67,95.0
641,55,77.0
641,57,76.0
641,67,95.0
642,55,77.0
642,58,69.0
642,67,95.0
643,55,77.0
643,58,69.0
643,67,95.0
644,55,77.0
644,58,69.0
644,67,95.0
645,55,77.0
645,58,69.0
645,67,95.0
646,55,77.0
646,58,69.0
646,67,95.0
647,55,77.0
647,58,69.0
647,67,95.0
648,55,139.0
648,67,95.0
649,55,139.0
649,67,95.0
650,55,139.0
650,67,95.0
651,55,139.0
651,67,95.0
652,55,139.0
652,67,95.0
653,55,139.0
653,67,95.0
654,55,139.0
654,67,95.0
655,55,139.0
655,67,95.0
656,55,139.0
656,67,95.0
657,55,139.0
657,67,95.0
658,55,139.0
658,67,95.0
659,55,139.0
659,67,95.0
660,55,154.0
660,67,95.0
661,55,154.0
661,67,95.0
662,55,154.0
662,67,95.0
663,55,154.0
663,67,95.0
664,55,154.0
664,67,95.0
665,55,154.0
665,67,95.0
666,55,154.0
666,67,95.0
667,55,154.0
667,67,95.0
668,55,154.0
668,67,95.0
669,55,154.0
669,67,95.0
670,55,154.0
670,67,95.0
671,55,154.0
671,67,95.0
672,55,154.0
672,67,95.0
673,55,154.0
673,67,95.0
674,55,154.0
674,67,95.0
675,55,154.0
675,67,95.0
676,55,154.0
676,67,95.0
677,55,154.0
677,67,95.0
678,55,154.0
678,67,95.0
679,55,154.0
679,67,95.0
680,55,154.0
680,67,95.0
681,55,154.0
681,67,95.0
682,55,154.0
682,67,95.0
683,55,154.0
683,67,95.0
684,55,154.0
684,67,95.0
685,55,154.0
685,67,95.0
686,55,154.0
686,67,95.0
687,55,154.0
687,67,95.0
688,55,154.0
688,67,95.0
689,55,154.0
689,67,95.0
690,55,154.0
690,67,95.0
691,55,154.0
691,67,95.0
692,55,154.0
692,67,95.0
693,55,154.0
693,67,95.0
694,55,154.0
694,67,95.0
695,55,154.0
695,67,95.0
696,55,154.0
696,67,95.0
697,55,154.0
697,67,95.0
698,55,154.0
698,67,95.0
699,55,154.0
699,67,95.0
700,55,154.0
700,67,95.0
701,55,154.0
701,67,95.0
702,55,154.0
702,67,95.0
703,55,154.0
703,67,95.0
704,55,154.0
704,67,95.0
705,55,154.0
705,67,95.0
706,55,154.0
706,67,95.0
707,55,154.0
707,67,95.0
708,55,154.0
708,67,95.0
709,55,154.0
709,67,95.0
710,55,154.0
710,67,95.0
711,55,154.0
711,67,95.0
712,55,154.0
712,67,95.0
713,55,154.0
713,67,95.0
714,55,154.0
714,62,86.0
715,55,154.0
715,62,86.0
716,55,154.0
716,62,86.0
717,55,154.0
717,62,86.0
718,55,154.0
718,62,86.0
719,55,154.0
719,62,86.0
720,55,154.0
720,62,86.0
721,55,154.0
721,62,86.0
722,55,154.0
722,62,86.0
723,55,154.0
723,62,86.0
724,55,154.0
724,62,86.0
725,55,154.0
725,62,86.0
726,55,154.0
726,62,86.0
727,55,154.0
727,62,86.0
728,55,154.0
728,62,86.0
729,55,154.0
729,62,86.0
730,55,154.0
730,62,86.0
731,55,154.0
731,62,86.0
732,55,154.0
732,62,86.0
733,55,154.0
733,62,86.0
734,55,154.0
734,62,86.0
735,55,154.0
735,62,86.0
736,55,154.0
736,62,86.0
737,55,154.0
737,62,86.0
738,51,77.0
738,55,77.0
738,62,86.0
739,51,77.0
739,55,77.0
739,62,86.0
740,51,77.0
740,55,77.0
740,62,86.0
741,51,77.0
741,55,77.0
741,62,86.0
742,51,77.0
742,55,77.0
742,62,86.0
743,51,77.0
743,55,77.0
743,62,86.0
744,51,77.0
744,55,77.0
744,62,86.0
745,51,77.0
745,55,77.0
745,62,86.0
746,51,77.0
746,55,77.0
746,62,86.0
747,51,77.0
747,55,77.0
747,62,86.0
748,51,77.0
748,55,77.0
748,62,86.0
749,51,77.0
749,55,77.0
749,62,86.0
750,51,77.0
750,55,77.0
750,64,86.0
751,51,77.0
751,55,77.0
751,64,86.0
752,51,77.0
752,55,77.0
752,64,86.0
753,51,77.0
753,55,77.0
753,64,86.0
754,51,77.0
754,55,77.0
754,64,86.0
755,51,77.0
755,55,77.0
755,64,86.0
756,51,77.0
756,55,77.0
756,64,86.0
757,51,77.0
757,55,77.0
757,64,86.0
758,51,77.0
758,55,77.0
758,64,86.0
759,51,77.0
759,55,77.0
759,64,86.0
760,51,77.0
760,55,77.0
760,64,86.0
761,51,77.0
761,55,77.0
761,64,86.0
762,51,77.0
762,55,77.0
762,66,86.0
763,51,77.0
763,55,77.0
763,66,86.0
764,51,77.0
764,55,77.0
764,66,86.0
765,51,77.0
765,55,77.0
765,66,86.0
766,51,77.0
766,55,77.0
766,66,86.0
767,51,77.0
767,55,77.0
767,66,86.0
768,51,77.0
768,55,77.0
768,66,86.0
769,51,77.0
769,55,77.0
769,66,86.0
770,51,77.0
770,55,77.0
770,66,86.0
771,51,77.0
771,55,77.0
771,66,86.0
772,51,77.0
772,55,77.0
772,66,86.0
773,51,77.0
773,55,77.0
773,66,86.0
774,55,154.0
774,67,86.0
775,55,154.0
775,67,86.0
776,55,154.0
776,67,86.0
777,55,154.0
777,67,86.0
778,55,154.0
778,67,86.0
779,55,154.0
779,67,86.0
780,55,154.0
780,67,86.0
781,55,154.0
781,67,86.0
782,55,154.0
782,67,86.0
783,55,154.0
783,67,86.0
784,55,154.0
784,67,86.0
785,55,154.0
785,67,86.0
786,55,154.0
786,62,62.0
787,55,154.0
787,62,62.0
788,55,154.0
788,62,62.0
789,55,154.0
789,62,62.0
790,55,154.0
790,62,62.0
791,55,154.0
791,62,62.0
792,55,154.0
792,62,62.0
793,55,154.0
793,62,62.0
794,55,154.0
794,62,62.0
795,55,154.0
795,62,62.0
796,55,154.0
796,62,62.0
797,55,154.0
797,62,62.0
798,55,154.0
798,62,62.0
799,55,154.0
799,62,62.0
800,55,154.0
800,62,62.0
801,55,154.0
801,62,62.0
802,55,154.0
802,62,62.0
803,55,154.0
803,62,62.0
804,55,154.0
804,62,62.0
805,55,154.0
805,62,62.0
806,55,154.0
806,62,62.0
807,55,154.0
807,62,62.0
808,55,154.0
808,62,62.0
809,55,154.0
809,62,62.0
810,55,77.0
810,60,77.0
810,62,62.0
811,55,77.0
811,60,77.0
811,62,62.0
812,55,77.0
812,60,77.0
812,62,62.0
813,55,77.0
813,60,77.0
813,62,62.0
814,55,77.0
814,60,77.0
814,62,62.0
815,55,77.0
815,60,77.0
815,62,62.0
816,55,77.0
816,60,77.0
816,62,62.0
817,55,77.0
817,60,77.0
817,62,62.0
818,55,77.0
818,60,77.0
818,62,62.0
819,55,77.0
819,60,77.0
819,62,62.0
820,55,77.0
820,60,77.0
820,62,62.0
821,55,77.0
821,60,77.0
821,62,62.0
822,55,77.0
822,60,77.0
822,64,62.0
823,55,77.0
823,60,77.0
823,64,62.0
824,55,77.0
824,60,77.0
824,64,62.0
825,55,77.0
825,60,77.0
825,64,62.0
826,55,77.0
826,60,77.0
826,64,62.0
827,55,77.0
827,60,77.0
827,64,62.0
828,60,77.0
828,63,69.0
828,64,62.0
829,60,77.0
829,63,69.0
829,64,62.0
830,60,77.0
830,63,69.0
830,64,62.0
831,60,77.0
831,63,69.0
831,64,62.0
832,60,77.0
832,63,69.0
832,64,62.0
833,60,77.0
833,63,69.0
833,64,62.0
834,60,77.0
834,63,69.0
834,66,62.0
835,60,77.0
835,63,69.0
835,66,62.0
836,60,77.0
836,63,69.0
836,66,62.0
837,60,77.0
837,63,69.0
837,66,62.0
838,60,77.0
838,63,69.0
838,66,62.0
839,60,77.0
839,63,69.0
839,66,62.0
840,60,77.0
840,63,69.0
840,66,62.0
841,60,77.0
841,63,69.0
841,66,62.0
842,60,77.0
842,63,69.0
842,66,62.0
843,60,77.0
843,63,69.0
843,66,62.0
844,60,77.0
844,63,69.0
844,66,62.0
845,60,77.0
845,63,69.0
845,66,62.0
846,55,77.0
846,63,69.0
846,67,62.0
847,55,77.0
847,63,69.0
847,67,62.0
848,55,77.0
848,63,69.0
848,67,62.0
849,55,77.0
849,63,69.0
849,67,62.0
850,55,77.0
850,63,69.0
850,67,62.0
851,55,77.0
851,63,69.0
851,67,62.0
852,55,77.0
852,63,69.0
852,67,62.0
853,55,77.0
853,63,69.0
853,67,62.0
854,55,77.0
854,63,69.0
854,67,62.0
855,55,77.0
855,63,69.0
855,67,62.0
856,55,77.0
856,63,69.0
856,67,62.0
857,55,77.0
857,63,69.0
857,67,62.0
858,55,77.0
858,62,77.0
858,63,69.0
859,55,77.0
859,62,77.0
859,63,69.0
860,55,77.0
860,62,77.0
860,63,69.0
861,55,77.0
861,62,77.0
861,63,69.0
862,55,77.0
862,62,77.0
862,63,69.0
863,55,77.0
863,62,77.0
863,63,69.0
864,55,77.0
864,62,146.0
865,55,77.0
865,62,146.0
866,55,77.0
866,62,146.0
867,55,77.0
867,62,146.0
868,55,77.0
868,62,146.0
869,55,77.0
869,62,146.0
870,55,77.0
870,62,146.0
871,55,77.0
871,62,146.0
872,55,77.0
872,62,146.0
873,55,77.0
873,62,146.0
874,55,77.0
874,62,146.0
875,55,77.0
875,62,146.0
876,55,77.0
876,62,146.0
877,55,77.0
877,62,146.0
878,55,77.0
878,62,146.0
879,55,77.0
879,62,146.0
880,55,77.0
880,62,146.0
881,55,77.0
881,62,146.0
882,55,86.0
882,62,146.0
883,55,86.0
883,62,146.0
884,55,86.0
884,62,146.0
885,55,86.0
885,62,146.0
886,55,86.0
886,62,146.0
887,55,86.0
887,62,146.0
888,55,86.0
888,62,146.0
889,55,86.0
889,62,146.0
890,55,86.0
890,62,146.0
891,55,86.0
891,62,146.0
892,55,86.0
892,62,146.0
893,55,86.0
893,62,146.0
894,55,86.0
894,60,77.0
894,62,69.0
895,55,86.0
895,60,77.0
895,62,69.0
896,55,86.0
896,60,77.0
896,62,69.0
897,55,86.0
897,60,77.0
897,62,69.0
898,55,86.0
898,60,77.0
898,62,69.0
899,55,86.0
899,60,77.0
899,62,69.0
900,55,86.0
900,60,146.0
901,55,86.0
901,60,146.0
902,55,86.0
902,60,146.0
903,55,86.0
903,60,146.0
904,55,86.0
904,60,146.0
905,55,86.0
905,60,146.0
906,55,86.0
906,60,146.0
907,55,86.0
907,60,146.0
908,55,86.0
908,60,146.0
909,55,86.0
909,60,146.0
910,55,86.0
910,60,146.0
911,55,86.0
911,60,146.0
912,55,86.0
912,60,146.0
913,55,86.0
913,60,146.0
914,55,86.0
914,60,146.0
915,55,86.0
915,60,146.0
916,55,86.0
916,60,146.0
917,55,86.0
917,60,146.0
918,55,86.0
918,60,146.0
919,55,86.0
919,60,146.0
920,55,86.0
920,60,146.0
921,55,86.0
921,60,146.0
922,55,86.0
922,60,146.0
923,55,86.0
923,60,146.0
924,55,86.0
924,60,146.0
925,55,86.0
925,60,146.0
926,55,86.0
926,60,146.0
927,55,86.0
927,60,146.0
928,55,86.0
928,60,146.0
929,55,86.0
929,60,146.0
930,55,89.0
930,60,69.0
930,65,77.0
931,55,89.0
931,60,69.0
931,65,77.0
932,55,89.0
932,60,69.0
932,65,77.0
933,55,89.0
933,60,69.0
933,65,77.0
934,55,89.0
934,60,69.0
934,65,77.0
935,55,89.0
935,60,69.0
935,65,77.0
936,55,160.0
936,65,77.0
937,55,160.0
937,65,77.0
938,55,160.0
938,65,77.0
939,55,160.0
939,65,77.0
940,55,160.0
940,65,77.0
941,55,160.0
941,65,77.0
942,55,162.0
942,65,77.0
943,55,162.0
943,65,77.0
944,55,162.0
944,65,77.0
945,55,162.0
945,65,77.0
946,55,162.0
946,65,77.0
947,55,162.0
947,65,77.0
948,55,162.0
948,65,77.0
949,55,162.0
949,65,77.0
950,55,162.0
950,65,77.0
951,55,162.0
951,65,77.0
952,55,162.0
952,65,77.0
953,55,162.0
953,65,77.0
954,55,166.0
954,65,77.0
955,55,166.0
955,65,77.0
956,55,166.0
956,65,77.0
957,55,166.0
957,65,77.0
958,55,166.0
958,65,77.0
959,55,166.0
959,65,77.0
960,55,166.0
960,65,77.0
961,55,166.0
961,65,77.0
962,55,166.0
962,65,77.0
963,55,166.0
963,65,77.0
964,55,166.0
964,65,77.0
965,55,166.0
965,65,77.0
966,55,169.0
966,63,77.0
967,55,169.0
967,63,77.0
968,55,169.0
968,63,77.0
969,55,169.0
969,63,77.0
970,55,169.0
970,63,77.0
971,55,169.0
971,63,77.0
972,55,102.0
972,60,77.0
972,63,77.0
973,55,102.0
973,60,77.0
973,63,77.0
974,55,102.0
974,60,77.0
974,63,77.0
975,55,102.0
975,60,77.0
975,63,77.0
976,55,102.0
976,60,77.0
976,63,77.0
977,55,102.0
977,60,77.0
977,63,77.0
978,55,104.0
978,60,77.0
978,63,77.0
979,55,104.0
979,60,77.0
979,63,77.0
980,55,104.0
980,60,77.0
980,63,77.0
981,55,104.0
981,60,77.0
981,63,77.0
982,55,104.0
982,60,77.0
982,63,77.0
983,55,104.0
983,60,77.0
983,63,77.0
984,55,104.0
984,60,77.0
984,63,77.0
985,55,104.0
985,60,77.0
985,63,77.0
986,55,104.0
986,60,77.0
986,63,77.0
987,55,104.0
987,60,77.0
987,63,77.0
988,55,104.0
988,60,77.0
988,63,77.0
989,55,104.0
989,60,77.0
989,63,77.0
990,55,107.0
990,60,77.0
990,63,77.0
991,55,107.0
991,60,77.0
991,63,77.0
992,55,107.0
992,60,77.0
992,63,77.0
993,55,107.0
993,60,77.0
993,63,77.0
994,55,107.0
994,60,77.0
994,63,77.0
995,55,107.0
995,60,77.0
995,63,77.0
996,55,111.0
996,60,77.0
996,63,77.0
997,55,111.0
997,60,77.0
997,63,77.0
998,55,111.0
998,60,77.0
998,63,77.0
999,55,111.0
999,60,77.0
999,63,77.0
1000,55,111.0
1000,60,77.0
1000,63,77.0
1001,55,111.0
1001,60,77.0
1001,63,77.0
1002,55,113.0
1002,60,77.0
1002,62,77.0
1003,55,113.0
1003,60,77.0
1003,62,77.0
1004,55,113.0
1004,60,77.0
1004,62,77.0
1005,55,113.0
1005,60,77.0
1005,62,77.0
1006,55,113.0
1006,60,77.0
1006,62,77.0
1007,55,113.0
1007,60,77.0
1007,62,77.0
1008,55,114.0
1008,62,154.0
1009,55,114.0
1009,62,154.0
1010,55,114.0
1010,62,154.0
1011,55,114.0
1011,62,154.0
1012,55,114.0
1012,62,154.0
1013,55,114.0
1013,62,154.0
1014,55,114.0
1014,62,154.0
1015,55,114.0
1015,62,154.0
1016,55,114.0
1016,62,154.0
1017,55,114.0
1017,62,154.0
1018,55,114.0
1018,62,154.0
1019,55,114.0
1019,62,154.0
1020,58,95.0
1020,62,154.0
1021,58,95.0
1021,62,154.0
1022,58,95.0
1022,62,154.0
1023,58,95.0
1023,62,154.0
1024,58,95.0
1024,62,154.0
1025,58,95.0
1025,62,154.0
1026,58,95.0
1026,62,77.0
1026,67,62.0
1027,58,95.0
1027,62,77.0
1027,67,62.0
1028,58,95.0
1028,62,77.0
1028,67,62.0
1029,58,95.0
1029,62,77.0
1029,67,62.0
1030,58,95.0
1030,62,77.0
1030,67,62.0
1031,58,95.0
1031,62,77.0
1031,67,62.0
1032,57,95.0
1032,62,77.0
1032,67,62.0
1033,57,95.0
1033,62,77.0
1033,67,62.0
1034,57,95.0
1034,62,77.0
1034,67,62.0
1035,57,95.0
1035,62,77.0
1035,67,62.0
1036,57,95.0
1036,62,77.0
1036,67,62.0
1037,57,95.0
1037,62,77.0
1037,67,62.0
1038,58,95.0
1038,62,77.0
1038,67,62.0
1039,58,95.0
1039,62,77.0
1039,67,62.0
1040,58,95.0
1040,62,77.0
1040,67,62.0
1041,58,95.0
1041,62,77.0
1041,67,62.0
1042,58,95.0
1042,62,77.0
1042,67,62.0
1043,58,95.0
1043,62,77.0
1043,67,62.0
1044,55,95.0
1044,63,77.0
1044,67,62.0
1045,55,95.0
1045,63,77.0
1045,67,62.0
1046,55,95.0
1046,63,77.0
1046,67,62.0
1047,55,95.0
1047,63,77.0
1047,67,62.0
1048,55,95.0
1048,63,77.0
1048,67,62.0
1049,55,95.0
1049,63,77.0
1049,67,62.0
1050,55,95.0
1050,63,77.0
1050,67,62.0
1051,55,95.0
1051,63,77.0
1051,67,62.0
1052,55,95.0
1052,63,77.0
1052,67,62.0
1053,55,95.0
1053,63,77.0
1053,67,62.0
1054,55,95.0
1054,63,77.0
1054,67,62.0
1055,55,95.0
1055,63,77.0
1055,67,62.0
1056,58,95.0
1056,63,77.0
1056,67,62.0
1057,58,95.0
1057,63,77.0
1057,67,62.0
1058,58,95.0
1058,63,77.0
1058,67,62.0
1059,58,95.0
1059,63,77.0
1059,67,62.0
1060,58,95.0
1060,63,77.0
1060,67,62.0
1061,58,95.0
1061,63,77.0
1061,67,62.0
1062,58,95.0
1062,63,77.0
1062,65,62.0
1063,58,95.0
1063,63,77.0
1063,65,62.0
1064,58,95.0
1064,63,77.0
1064,65,62.0
1065,58,95.0
1065,63,77.0
1065,65,62.0
1066,58,95.0
1066,63,77.0
1066,65,62.0
1067,58,95.0
1067,63,77.0
1067,65,62.0
1068,57,95.0
1068,63,77.0
1068,65,62.0
1069,57,95.0
1069,63,77.0
1069,65,62.0
1070,57,95.0
1070,63,77.0
1070,65,62.0
1071,57,95.0
1071,63,77.0
1071,65,62.0
1072,57,95.0
1072,63,77.0
1072,65,62.0
1073,57,95.0
1073,63,77.0
1073,65,62.0
1074,58,95.0
1074,63,77.0
1074,65,62.0
1075,58,95.0
1075,63,77.0
1075,65,62.0
1076,58,95.0
1076,63,77.0
1076,65,62.0
1077,58,95.0
1077,63,77.0
1077,65,62.0
1078,58,95.0
1078,63,77.0
1078,65,62.0
1079,58,95.0
1079,63,77.0
1079,65,62.0
1080,55,95.0
1080,62,77.0
1080,65,62.0
1081,55,95.0
1081,62,77.0
1081,65,62.0
1082,55,95.0
1082,62,77.0
1082,65,62.0
1083,55,95.0
1083,62,77.0
1083,65,62.0
1084,55,95.0
1084,62,77.0
1084,65,62.0
1085,55,95.0
1085,62,77.0
1085,65,62.0
1086,55,95.0
1086,62,77.0
1086,65,62.0
1087,55,95.0
1087,62,77.0
1087,65,62.0
1088,55,95.0
1088,62,77.0
1088,65,62.0
1089,55,95.0
1089,62,77.0
1089,65,62.0
1090,55,95.0
1090,62,77.0
1090,65,62.0
1091,55,95.0
1091,62,77.0
1091,65,62.0
1092,58,95.0
1092,62,77.0
1092,65,62.0
1093,58,95.0
1093,62,77.0
1093,65,62.0
1094,58,95.0
1094,62,77.0
1094,65,62.0
1095,58,95.0
1095,62,77.0
1095,65,62.0
1096,58,95.0
1096,62,77.0
1096,65,62.0
1097,58,95.0
1097,62,77.0
1097,65,62.0
1098,58,95.0
1098,62,77.0
1098,63,62.0
1099,58,95.0
1099,62,77.0
1099,63,62.0
1100,58,95.0
1100,62,77.0
1100,63,62.0
1101,58,95.0
1101,62,77.0
1101,63,62.0
1102,58,95.0
1102,62,77.0
1102,63,62.0
1103,58,95.0
1103,62,77.0
1103,63,62.0
1104,57,95.0
1104,62,77.0
1104,63,62.0
1105,57,95.0
1105,62,77.0
1105,63,62.0
1106,57,95.0
1106,62,77.0
1106,63,62.0
1107,57,95.0
1107,62,77.0
1107,63,62.0
1108,57,95.0
1108,62,77.0
1108,63,62.0
1109,57,95.0
1109,62,77.0
1109,63,62.0
1110,58,95.0
1110,62,77.0
1110,63,62.0
1111,58,95.0
1111,62,77.0
1111,63,62.0
1112,58,95.0
1112,62,77.0
1112,63,62.0
1113,58,95.0
1113,62,77.0
1113,63,62.0
1114,58,95.0
1114,62,77.0
1114,63,62.0
1115,58,95.0
1115,62,77.0
1115,63,62.0
1116,55,95.0
1116,62,86.0
1116,63,62.0
1117,55,95.0
1117,62,86.0
1117,63,62.0
1118,55,95.0
1118,62,86.0
1118,63,62.0
1119,55,95.0
1119,62,86.0
1119,63,62.0
1120,55,95.0
1120,62,86.0
1120,63,62.0
1121,55,95.0
1121,62,86.0
1121,63,62.0
1122,55,95.0
1122,62,86.0
1122,63,62.0
1123,55,95.0
1123,62,86.0
1123,63,62.0
1124,55,95.0
1124,62,86.0
1124,63,62.0
1125,55,95.0
1125,62,86.0
1125,63,62.0
1126,55,95.0
1126,62,86.0
1126,63,62.0
1127,55,95.0
1127,62,86.0
1127,63,62.0
1128,58,95.0
1128,62,86.0
1128,63,62.0
1129,58,95.0
1129,62,86.0
1129,63,62.0
1130,58,95.0
1130,62,86.0
1130,63,62.0
1131,58,95.0
1131,62,86.0
1131,63,62.0
1132,58,95.0
1132,62,86.0
1132,63,62.0
1133,58,95.0
1133,62,86.0
1133,63,62.0
1134,58,95.0
1134,62,148.0
1135,58,95.0
1135,62,148.0
1136,58,95.0
1136,62,148.0
1137,58,95.0
1137,62,148.0
1138,58,95.0
1138,62,148.0
1139,58,95.0
1139,62,148.0
1140,57,95.0
1140,62,148.0
1141,57,95.0
1141,62,148.0
1142,57,95.0
1142,62,148.0
1143,57,95.0
1143,62,148.0
1144,57,95.0
1144,62,148.0
1145,57,95.0
1145,62,148.0
1146,58,95.0
1146,62,148.0
1147,58,95.0
1147,62,148.0
1148,58,95.0
1148,62,148.0
1149,58,95.0
1149,62,148.0
1150,58,95.0
1150,62,148.0
1151,58,95.0
1151,62,148.0
1152,55,95.0
1152,62,62.0
1152,64,86.0
1153,55,95.0
1153,62,62.0
1153,64,86.0
1154,55,95.0
1154,62,62.0
1154,64,86.0
1155,55,95.0
1155,62,62.0
1155,64,86.0
1156,55,95.0
1156,62,62.0
1156,64,86.0
1157,55,95.0
1157,62,62.0
1157,64,86.0
1158,55,95.0
1158,62,62.0
1158,64,86.0
1159,55,95.0
1159,62,62.0
1159,64,86.0
1160,55,95.0
1160,62,62.0
1160,64,86.0
1161,55,95.0
1161,62,62.0
1161,64,86.0
1162,55,95.0
1162,62,62.0
1162,64,86.0
1163,55,95.0
1163,62,62.0
1163,64,86.0
1164,50,86.0
1164,62,62.0
1164,65,97.0
1165,50,86.0
1165,62,62.0
1165,65,97.0
1166,50,86.0
1166,62,62.0
1166,65,97.0
1167,50,86.0
1167,62,62.0
1167,65,97.0
1168,50,86.0
1168,62,62.0
1168,65,97.0
1169,50,86.0
1169,62,62.0
1169,65,97.0
1170,50,86.0
1170,65,97.0
1170,67,69.0
1171,50,86.0
1171,65,97.0
1171,67,69.0
1172,50,86.0
1172,65,97.0
1172,67,69.0
1173,50,86.0
1173,65,97.0
1173,67,69.0
1174,50,86.0
1174,65,97.0
1174,67,69.0
1175,50,86.0
1175,65,97.0
1175,67,69.0
1176,50,86.0
1176,63,100.0
1176,67,69.0
1177,50,86.0
1177,63,100.0
1177,67,69.0
1178,50,86.0
1178,63,100.0
1178,67,69.0
1179,50,86.0
1179,63,100.0
1179,67,69.0
1180,50,86.0
1180,63,100.0
1180,67,69.0
1181,50,86.0
1181,63,100.0
1181,67,69.0
1182,50,86.0
1182,62,104.0
1182,67,69.0
1183,50,86.0
1183,62,104.0
1183,67,69.0
1184,50,86.0
1184,62,104.0
1184,67,69.0
1185,50,86.0
1185,62,104.0
1185,67,69.0
1186,50,86.0
1186,62,104.0
1186,67,69.0
1187,50,86.0
1187,62,104.0
1187,67,69.0
1188,50,86.0
1188,62,104.0
1188,67,69.0
1189,50,86.0
1189,62,104.0
1189,67,69.0
1190,50,86.0
1190,62,104.0
1190,67,69.0
1191,50,86.0
1191,62,104.0
1191,67,69.0
1192,50,86.0
1192,62,104.0
1192,67,69.0
1193,50,86.0
1193,62,104.0
1193,67,69.0
1194,50,86.0
1194,67,176.0
1195,50,86.0
1195,67,176.0
1196,50,86.0
1196,67,176.0
1197,50,86.0
1197,67,176.0
1198,50,86.0
1198,67,176.0
1199,50,86.0
1199,67,176.0
1200,50,86.0
1200,65,109.0
1200,67,69.0
1201,50,86.0
1201,65,109.0
1201,67,69.0
1202,50,86.0
1202,65,109.0
1202,67,69.0
1203,50,86.0
1203,65,109.0
1203,67,69.0
1204,50,86.0
1204,65,109.0
1204,67,69.0
1205,50,86.0
1205,65,109.0
1205,67,69.0
1206,50,86.0
1206,63,111.0
1206,65,69.0
1207,50,86.0
1207,63,111.0
1207,65,69.0
1208,50,86.0
1208,63,111.0
1208,65,69.0
1209,50,86.0
1209,63,111.0
1209,65,69.0
1210,50,86.0
1210,63,111.0
1210,65,69.0
1211,50,86.0
1211,63,111.0
1211,65,69.0
1212,50,86.0
1212,62,114.0
1212,65,69.0
1213,50,86.0
1213,62,114.0
1213,65,69.0
1214,50,86.0
1214,62,114.0
1214,65,69.0
1215,50,86.0
1215,62,114.0
1215,65,69.0
1216,50,86.0
1216,62,114.0
1216,65,69.0
1217,50,86.0
1217,62,114.0
1217,65,69.0
1218,50,86.0
1218,62,114.0
1218,65,69.0
1219,50,86.0
1219,62,114.0
1219,65,69.0
1220,50,86.0
1220,62,114.0
1220,65,69.0
1221,50,86.0
1221,62,114.0
1221,65,69.0
1222,50,86.0
1222,62,114.0
1222,65,69.0
1223,50,86.0
1223,62,114.0
1223,65,69.0
1224,50,86.0
1224,62,95.0
1224,65,69.0
1225,50,86.0
1225,62,95.0
1225,65,69.0
1226,50,86.0
1226,62,95.0
1226,65,69.0
1227,50,86.0
1227,62,95.0
1227,65,69.0
1228,50,86.0
1228,62,95.0
1228,65,69.0
1229,50,86.0
1229,62,95.0
1229,65,69.0
1230,50,86.0
1230,62,95.0
1230,65,69.0
1231,50,86.0
1231,62,95.0
1231,65,69.0
1232,50,86.0
1232,62,95.0
1232,65,69.0
1233,50,86.0
1233,62,95.0
1233,65,69.0
1234,50,86.0
1234,62,95.0
1234,65,69.0
1235,50,86.0
1235,62,95.0
1235,65,69.0
1236,50,62.0
1236,63,95.0
1236,65,69.0
1237,50,62.0
1237,63,95.0
1237,65,69.0
1238,50,62.0
1238,63,95.0
1238,65,69.0
1239,50,62.0
1239,63,95.0
1239,65,69.0
1240,50,62.0
1240,63,95.0
1240,65,69.0
1241,50,62.0
1241,63,95.0
1241,65,69.0
1242,50,62.0
1242,63,164.0
1243,50,62.0
1243,63,164.0
1244,50,62.0
1244,63,164.0
1245,50,62.0
1245,63,164.0
1246,50,62.0
1246,63,164.0
1247,50,62.0
1247,63,164.0
1248,50,62.0
1248,62,95.0
1248,63,69.0
1249,50,62.0
1249,62,95.0
1249,63,69.0
1250,50,62.0
1250,62,95.0
1250,63,69.0
1251,50,62.0
1251,62,95.0
1251,63,69.0
1252,50,62.0
1252,62,95.0
1252,63,69.0
1253,50,62.0
1253,62,95.0
1253,63,69.0
1254,50,62.0
1254,60,95.0
1254,63,69.0
1255,50,62.0
1255,60,95.0
1255,63,69.0
1256,50,62.0
1256,60,95.0
1256,63,69.0
1257,50,62.0
1257,60,95.0
1257,63,69.0
1258,50,62.0
1258,60,95.0
1258,63,69.0
1259,50,62.0
1259,60,95.0
1259,63,69.0
1260,50,62.0
1260,62,95.0
1260,63,69.0
1261,50,62.0
1261,62,95.0
1261,63,69.0
1262,50,62.0
1262,62,95.0
1262,63,69.0
1263,50,62.0
1263,62,95.0
1263,63,69.0
1264,50,62.0
1264,62,95.0
1264,63,69.0
1265,50,62.0
1265,62,95.0
1265,63,69.0
1266,50,62.0
1266,62,95.0
1266,63,69.0
1267,50,62.0
1267,62,95.0
1267,63,69.0
1268,50,62.0
1268,62,95.0
1268,63,69.0
1269,50,62.0
1269,62,95.0
1269,63,69.0
1270,50,62.0
1270,62,95.0
1270,63,69.0
1271,50,62.0
1271,62,95.0
1271,63,69.0
1272,50,62.0
1272,62,95.0
1272,63,69.0
1273,50,62.0
1273,62,95.0
1273,63,69.0
1274,50,62.0
1274,62,95.0
1274,63,69.0
1275,50,62.0
1275,62,95.0
1275,63,69.0
1276,50,62.0
1276,62,95.0
1276,63,69.0
1277,50,62.0
1277,62,95.0
1277,63,69.0
1278,50,62.0
1278,62,164.0
1279,50,62.0
1279,62,164.0
1280,50,62.0
1280,62,164.0
1281,50,62.0
1281,62,164.0
1282,50,62.0
1282,62,164.0
1283,50,62.0
1283,62,164.0
1284,50,62.0
1284,62,164.0
1285,50,62.0
1285,62,164.0
1286,50,62.0
1286,62,164.0
1287,50,62.0
1287,62,164.0
1288,50,62.0
1288,62,164.0
1289,50,62.0
1289,62,164.0
1290,50,62.0
1290,62,164.0
1291,50,62.0
1291,62,164.0
1292,50,62.0
1292,62,164.0
1293,50,62.0
1293,62,164.0
1294,50,62.0
1294,62,164.0
1295,50,62.0
1295,62,164.0
1296,51,62.0
1296,62,69.0
1296,63,95.0
1297,51,62.0
1297,62,69.0
1297,63,95.0
1298,51,62.0
1298,62,69.0
1298,63,95.0
1299,51,62.0
1299,62,69.0
1299,63,95.0
1300,51,62.0
1300,62,69.0
1300,63,95.0
1301,51,62.0
1301,62,69.0
1301,63,95.0
1302,51,62.0
1302,62,69.0
1302,63,95.0
1303,51,62.0
1303,62,69.0
1303,63,95.0
1304,51,62.0
1304,62,69.0
1304,63,95.0
1305,51,62.0
1305,62,69.0
1305,63,95.0
1306,51,62.0
1306,62,69.0
1306,63,95.0
1307,51,62.0
1307,62,69.0
1307,63,95.0
1308,55,77.0
1308,62,69.0
1308,63,95.0
1309,55,77.0
1309,62,69.0
1309,63,95.0
1310,55,77.0
1310,62,69.0
1310,63,95.0
1311,55,77.0
1311,62,69.0
1311,63,95.0
1312,55,77.0
1312,62,69.0
1312,63,95.0
1313,55,77.0
1313,62,69.0
1313,63,95.0
1314,55,77.0
1314,63,95.0
1314,67,77.0
1315,55,77.0
1315,63,95.0
1315,67,77.0
1316,55,77.0
1316,63,95.0
1316,67,77.0
1317,55,77.0
1317,63,95.0
1317,67,77.0
1318,55,77.0
1318,63,95.0
1318,67,77.0
1319,55,77.0
1319,63,95.0
1319,67,77.0
1320,55,77.0
1320,65,95.0
1320,67,77.0
1321,55,77.0
1321,65,95.0
1321,67,77.0
1322,55,77.0
1322,65,95.0
1322,67,77.0
1323,55,77.0
1323,65,95.0
1323,67,77.0
1324,55,77.0
1324,65,95.0
1324,67,77.0
1325,55,77.0
1325,65,95.0
1325,67,77.0
1326,55,77.0
1326,63,95.0
1326,67,77.0
1327,55,77.0
1327,63,95.0
1327,67,77.0
1328,55,77.0
1328,63,95.0
1328,67,77.0
1329,55,77.0
1329,63,95.0
1329,67,77.0
1330,55,77.0
1330,63,95.0
1330,67,77.0
1331,55,77.0
1331,63,95.0
1331,67,77.0
1332,55,77.0
1332,62,95.0
1332,67,77.0
1333,55,77.0
1333,62,95.0
1333,67,77.0
1334,55,77.0
1334,62,95.0
1334,67,77.0
1335,55,77.0
1335,62,95.0
1335,67,77.0
1336,55,77.0
1336,62,95.0
1336,67,77.0
1337,55,77.0
1337,62,95.0
1337,67,77.0
1338,55,77.0
1338,62,95.0
1338,67,77.0
1339,55,77.0
1339,62,95.0
1339,67,77.0
1340,55,77.0
1340,62,95.0
1340,67,77.0
1341,55,77.0
1341,62,95.0
1341,67,77.0
1342,55,77.0
1342,62,95.0
1342,67,77.0
1343,55,77.0
1343,62,95.0
1343,67,77.0
1344,55,77.0
1344,62,95.0
1344,67,77.0
1345,55,77.0
1345,62,95.0
1345,67,77.0
1346,55,77.0
1346,62,95.0
1346,67,77.0
1347,55,77.0
1347,62,95.0
1347,67,77.0
1348,55,77.0
1348,62,95.0
1348,67,77.0
1349,55,77.0
1349,62,95.0
1349,67,77.0
1350,55,77.0
1350,62,95.0
1350,67,77.0
1351,55,77.0
1351,62,95.0
1351,67,77.0
1352,55,77.0
1352,62,95.0
1352,67,77.0
1353,55,77.0
1353,62,95.0
1353,67,77.0
1354,55,77.0
1354,62,95.0
1354,67,77.0
1355,55,77.0
1355,62,95.0
1355,67,77.0
1356,55,77.0
1356,62,95.0
1356,67,77.0
1357,55,77.0
1357,62,95.0
1357,67,77.0
1358,55,77.0
1358,62,95.0
1358,67,77.0
1359,55,77.0
1359,62,95.0
1359,67,77.0
1360,55,77.0
1360,62,95.0
1360,67,77.0
1361,55,77.0
1361,62,95.0
1361,67,77.0
1362,55,77.0
1362,62,95.0
1362,67,77.0
1363,55,77.0
1363,62,95.0
1363,67,77.0
1364,55,77.0
1364,62,95.0
1364,67,77.0
1365,55,77.0
1365,62,95.0
1365,67,77.0
1366,55,77.0
1366,62,95.0
1366,67,77.0
1367,55,77.0
1367,62,95.0
1367,67,77.0
1368,55,77.0
1368,58,86.0
1368,67,77.0
1369,55,77.0
1369,58,86.0
1369,67,77.0
1370,55,77.0
1370,58,86.0
1370,67,77.0
1371,55,77.0
1371,58,86.0
1371,67,77.0
1372,55,77.0
1372,58,86.0
1372,67,77.0
1373,55,77.0
1373,58,86.0
1373,67,77.0
1374,55,77.0
1374,57,100.0
1374,67,77.0
1375,55,77.0
1375,57,100.0
1375,67,77.0
1376,55,77.0
1376,57,100.0
1376,67,77.0
1377,55,77.0
1377,57,100.0
1377,67,77.0
1378,55,77.0
1378,57,100.0
1378,67,77.0
1379,55,77.0
1379,57,100.0
1379,67,77.0
1380,55,77.0
1380,58,107.0
1380,67,77.0
1381,55,77.0
1381,58,107.0
1381,67,77.0
1382,55,77.0
1382,58,107.0
1382,67,77.0
1383,55,77.0
1383,58,107.0
1383,67,77.0
1384,55,77.0
1384,58,107.0
1384,67,77.0
1385,55,77.0
1385,58,107.0
1385,67,77.0
1386,55,191.0
1386,67,77.0
1387,55,191.0
1387,67,77.0
1388,55,191.0
1388,67,77.0
1389,55,191.0
1389,67,77.0
1390,55,191.0
1390,67,77.0
1391,55,191.0
1391,67,77.0
1392,55,191.0
1392,67,77.0
1393,55,191.0
1393,67,77.0
1394,55,191.0
1394,67,77.0
1395,55,191.0
1395,67,77.0
1396,55,191.0
1396,67,77.0
1397,55,191.0
1397,67,77.0
1398,55,77.0
1398,58,114.0
1398,67,77.0
1399,55,77.0
1399,58,114.0
1399,67,77.0
1400,55,77.0
1400,58,114.0
1400,67,77.0
1401,55,77.0
1401,58,114.0
1401,67,77.0
1402,55,77.0
1402,58,114.0
1402,67,77.0
1403,55,77.0
1403,58,114.0
1403,67,77.0
1404,55,77.0
1404,57,100.0
1404,67,77.0
1405,55,77.0
1405,57,100.0
1405,67,77.0
1406,55,77.0
1406,57,100.0
1406,67,77.0
1407,55,77.0
1407,57,100.0
1407,67,77.0
1408,55,77.0
1408,57,100.0
1408,67,77.0
1409,55,77.0
1409,57,100.0
1409,67,77.0
1410,55,77.0
1410,58,93.0
1410,67,77.0
1411,55,77.0
1411,58,93.0
1411,67,77.0
1412,55,77.0
1412,58,93.0
1412,67,77.0
1413,55,77.0
1413,58,93.0
1413,67,77.0
1414,55,77.0
1414,58,93.0
1414,67,77.0
1415,55,77.0
1415,58,93.0
1415,67,77.0
1416,55,163.0
1416,67,77.0
1417,55,163.0
1417,67,77.0
1418,55,163.0
1418,67,77.0
1419,55,163.0
1419,67,77.0
1420,55,163.0
1420,67,77.0
1421,55,163.0
1421,67,77.0
1422,55,163.0
1422,67,77.0
1423,55,163.0
1423,67,77.0
1424,55,163.0
1424,67,77.0
1425,55,163.0
1425,67,77.0
1426,55,163.0
1426,67,77.0
1427,55,163.0
1427,67,77.0
1428,55,77.0
1428,58,62.0
1428,67,77.0
1429,55,77.0
1429,58,62.0
1429,67,77.0
1430,55,77.0
1430,58,62.0
1430,67,77.0
1431,55,77.0
1431,58,62.0
1431,67,77.0
1432,55,77.0
1432,58,62.0
1432,67,77.0
1433,55,77.0
1433,58,62.0
1433,67,77.0
1434,55,77.0
1434,57,76.0
1434,67,77.0
1435,55,77.0
1435,57,76.0
1435,67,77.0
1436,55,77.0
1436,57,76.0
1436,67,77.0
1437,55,77.0
1437,57,76.0
1437,67,77.0
1438,55,77.0
1438,57,76.0
1438,67,77.0
1439,55,77.0
1439,57,76.0
1439,67,77.0
1440,55,77.0
1440,58,83.0
1440,67,77.0
1441,55,77.0
1441,58,83.0
1441,67,77.0
1442,55,77.0
1442,58,83.0
1442,67,77.0
1443,55,77.0
1443,58,83.0
1443,67,77.0
1444,55,77.0
1444,58,83.0
1444,67,77.0
1445,55,77.0
1445,58,83.0
1445,67,77.0
1446,55,167.0
1446,67,77.0
1447,55,167.0
1447,67,77.0
1448,55,167.0
1448,67,77.0
1449,55,167.0
1449,67,77.0
1450,55,167.0
1450,67,77.0
1451,55,167.0
1451,67,77.0
1452,55,167.0
1452,67,77.0
1453,55,167.0
1453,67,77.0
1454,55,167.0
1454,67,77.0
1455,55,167.0
1455,67,77.0
1456,55,167.0
1456,67,77.0
1457,55,167.0
1457,67,77.0
1458,55,77.0
1458,58,90.0
1458,70,86.0
1459,55,77.0
1459,58,90.0
1459,70,86.0
1460,55,77.0
1460,58,90.0
1460,70,86.0
1461,55,77.0
1461,58,90.0
1461,70,86.0
1462,55,77.0
1462,58,90.0
1462,70,86.0
1463,55,77.0
1463,58,90.0
1463,70,86.0
1464,55,77.0
1464,57,76.0
1464,70,86.0
1465,55,77.0
1465,57,76.0
1465,70,86.0
1466,55,77.0
1466,57,76.0
1466,70,86.0
1467,55,77.0
1467,57,76.0
1467,70,86.0
1468,55,77.0
1468,57,76.0
1468,70,86.0
1469,55,77.0
1469,57,76.0
1469,70,86.0
1470,55,77.0
1470,58,69.0
1470,69,86.0
1471,55,77.0
1471,58,69.0
1471,69,86.0
1472,55,77.0
1472,58,69.0
1472,69,86.0
1473,55,77.0
1473,58,69.0
1473,69,86.0
1474,55,77.0
1474,58,69.0
1474,69,86.0
1475,55,77.0
1475,58,69.0
1475,69,86.0
1476,55,139.0
1476,70,86.0
1477,55,139.0
1477,70,86.0
1478,55,139.0
1478,70,86.0
1479,55,139.0
1479,70,86.0
1480,55,139.0
1480,70,86.0
1481,55,139.0
1481,70,86.0
1482,55,139.0
1482,67,86.0
1483,55,139.0
1483,67,86.0
1484,55,139.0
1484,67,86.0
1485,55,139.0
1485,67,86.0
1486,55,139.0
1486,67,86.0
1487,55,139.0
1487,67,86.0
1488,55,154.0
1488,67,86.0
1489,55,154.0
1489,67,86.0
1490,55,154.0
1490,67,86.0
1491,55,154.0
1491,67,86.0
1492,55,154.0
1492,67,86.0
1493,55,154.0
1493,67,86.0
1494,55,154.0
1494,70,86.0
1495,55,154.0
1495,70,86.0
1496,55,154.0
1496,70,86.0
1497,55,154.0
1497,70,86.0
1498,55,154.0
1498,70,86.0
1499,55,154.0
1499,70,86.0
1500,55,154.0
1500,70,86.0
1501,55,154.0
1501,70,86.0
1502,55,154.0
1502,70,86.0
1503,55,154.0
1503,70,86.0
1504,55,154.0
1504,70,86.0
1505,55,154.0
1505,70,86.0
1506,55,154.0
1506,69,89.0
1507,55,154.0
1507,69,89.0
1508,55,154.0
1508,69,89.0
1509,55,154.0
1509,69,89.0
1510,55,154.0
1510,69,89.0
1511,55,154.0
1511,69,89.0
1512,55,154.0
1512,70,91.0
1513,55,154.0
1513,70,91.0
1514,55,154.0
1514,70,91.0
1515,55,154.0
1515,70,91.0
1516,55,154.0
1516,70,91.0
1517,55,154.0
1517,70,91.0
1518,55,154.0
1518,67,93.0
1519,55,154.0
1519,67,93.0
1520,55,154.0
1520,67,93.0
1521,55,154.0
1521,67,93.0
1522,55,154.0
1522,67,93.0
1523,55,154.0
1523,67,93.0
1524,55,154.0
1524,67,93.0
1525,55,154.0
1525,67,93.0
1526,55,154.0
1526,67,93.0
1527,55,154.0
1527,67,93.0
1528,55,154.0
1528,67,93.0
1529,55,154.0
1529,67,93.0
1530,55,154.0
1530,70,97.0
1531,55,154.0
1531,70,97.0
1532,55,154.0
1532,70,97.0
1533,55,154.0
1533,70,97.0
1534,55,154.0
1534,70,97.0
1535,55,154.0
1535,70,97.0
1536,55,154.0
1536,70,97.0
1537,55,154.0
1537,70,97.0
1538,55,154.0
1538,70,97.0
1539,55,154.0
1539,70,97.0
1540,55,154.0
1540,70,97.0
1541,55,154.0
1541,70,97.0
1542,55,154.0
1542,69,100.0
1543,55,154.0
1543,69,100.0
1544,55,154.0
1544,69,100.0
1545,55,154.0
1545,69,100.0
1546,55,154.0
1546,69,100.0
1547,55,154.0
1547,69,100.0
1548,55,154.0
1548,70,102.0
1549,55,154.0
1549,70,102.0
1550,55,154.0
1550,70,102.0
1551,55,154.0
1551,70,102.0
1552,55,154.0
1552,70,102.0
1553,55,154.0
1553,70,102.0
1554,55,154.0
1554,67,104.0
1555,55,154.0
1555,67,104.0
1556,55,154.0
1556,67,104.0
1557,55,154.0
1557,67,104.0
1558,55,154.0
1558,67,104.0
1559,55,154.0
1559,67,104.0
1560,55,77.0
1560,67,104.0
1561,55,77.0
1561,67,104.0
1562,55,77.0
1562,67,104.0
1563,55,77.0
1563,67,104.0
1564,55,77.0
1564,67,104.0
1565,55,77.0
1565,67,104.0
1566,55,77.0
1566,70,107.0
1567,55,77.0
1567,70,107.0
1568,55,77.0
1568,70,107.0
1569,55,77.0
1569,70,107.0
1570,55,77.0
1570,70,107.0
1571,55,77.0
1571,70,107.0
1572,55,77.0
1572,69,111.0
1573,55,77.0
1573,69,111.0
1574,55,77.0
1574,69,111.0
1575,55,77.0
1575,69,111.0
1576,55,77.0
1576,69,111.0
1577,55,77.0
1577,69,111.0
1578,55,77.0
1578,70,113.0
1579,55,77.0
1579,70,113.0
1580,55,77.0
1580,70,113.0
1581,55,77.0
1581,70,113.0
1582,55,77.0
1582,70,113.0
1583,55,77.0
1583,70,113.0
1584,55,77.0
1584,67,114.0
1585,55,77.0
1585,67,114.0
1586,55,77.0
1586,67,114.0
1587,55,77.0
1587,67,114.0
1588,55,77.0
1588,67,114.0
1589,55,77.0
1589,67,114.0
1590,55,77.0
1590,67,114.0
1591,55,77.0
1591,67,114.0
1592,55,77.0
1592,67,114.0
1593,55,77.0
1593,67,114.0
1594,55,77.0
1594,67,114.0
1595,55,77.0
1595,67,114.0
1596,55,77.0
1596,67,95.0
1597,55,77.0
1597,67,95.0
1598,55,77.0
1598,67,95.0
1599,55,77.0
1599,67,95.0
1600,55,77.0
1600,67,95.0
1601,55,77.0
1601,67,95.0
1602,55,77.0
1602,67,95.0
1603,55,77.0
1603,67,95.0
1604,55,77.0
1604,67,95.0
1605,55,77.0
1605,67,95.0
1606,55,77.0
1606,67,95.0
1607,55,77.0
1607,67,95.0
1608,55,77.0
1608,67,95.0
1609,55,77.0
1609,67,95.0
1610,55,77.0
1610,67,95.0
1611,55,77.0
1611,67,95.0
1612,55,77.0
1612,67,95.0
1613,55,77.0
1613,67,95.0
1614,55,77.0
1614,67,95.0
1615,55,77.0
1615,67,95.0
1616,55,77.0
1616,67,95.0
1617,55,77.0
1617,67,95.0
1618,55,77.0
1618,67,95.0
1619,55,77.0
1619,67,95.0
1620,55,77.0
1620,67,95.0
1621,55,77.0
1621,67,95.0
1622,55,77.0
1622,67,95.0
1623,55,77.0
1623,67,95.0
1624,55,77.0
1624,67,95.0
1625,55,77.0
1625,67,95.0
1626,55,77.0
1626,67,95.0
1627,55,77.0
1627,67,95.0
1628,55,77.0
1628,67,95.0
1629,55,77.0
1629,67,95.0
1630,55,77.0
1630,67,95.0
1631,55,77.0
1631,67,95.0
1632,58,77.0
1632,67,95.0
1633,58,77.0
1633,67,95.0
1634,58,77.0
1634,67,95.0
1635,58,77.0
1635,67,95.0
1636,58,77.0
1636,67,95.0
1637,58,77.0
1637,67,95.0
1638,58,77.0
1638,67,95.0
1639,58,77.0
1639,67,95.0
1640,58,77.0
1640,67,95.0
1641,58,77.0
1641,67,95.0
1642,58,77.0
1642,67,95.0
1643,58,77.0
1643,67,95.0
1644,57,77.0
1644,67,95.0
1645,57,77.0
1645,67,95.0
1646,57,77.0
1646,67,95.0
1647,57,77.0
1647,67,95.0
1648,57,77.0
1648,67,95.0
1649,57,77.0
1649,67,95.0
1650,58,77.0
1650,67,95.0
1651,58,77.0
1651,67,95.0
1652,58,77.0
1652,67,95.0
1653,58,77.0
1653,67,95.0
1654,58,77.0
1654,67,95.0
1655,58,77.0
1655,67,95.0
1656,55,77.0
1656,67,95.0
1657,55,77.0
1657,67,95.0
1658,55,77.0
1658,67,95.0
1659,55,77.0
1659,67,95.0
1660,55,77.0
1660,67,95.0
1661,55,77.0
1661,67,95.0
1662,55,77.0
1662,67,95.0
1663,55,77.0
1663,67,95.0
1664,55,77.0
1664,67,95.0
1665,55,77.0
1665,67,95.0
1666,55,77.0
1666,67,95.0
1667,55,77.0
1667,67,95.0
1668,58,77.0
1668,67,95.0
1669,58,77.0
1669,67,95.0
1670,58,77.0
1670,67,95.0
1671,58,77.0
1671,67,95.0
1672,58,77.0
1672,67,95.0
1673,58,77.0
1673,67,95.0
1674,58,77.0
1674,67,95.0
1675,58,77.0
1675,67,95.0
1676,58,77.0
1676,67,95.0
1677,58,77.0
1677,67,95.0
1678,58,77.0
1678,67,95.0
1679,58,77.0
1679,67,95.0
1680,57,77.0
1680,67,95.0
1681,57,77.0
1681,67,95.0
1682,57,77.0
1682,67,95.0
1683,57,77.0
1683,67,95.0
1684,57,77.0
1684,67,95.0
1685,57,77.0
1685,67,95.0
1686,58,77.0
1686,67,95.0
1687,58,77.0
1687,67,95.0
1688,58,77.0
1688,67,95.0
1689,58,77.0
1689,67,95.0
1690,58,77.0
1690,67,95.0
1691,58,77.0
1691,67,95.0
1692,55,77.0
1692,67,95.0
1693,55,77.0
1693,67,95.0
1694,55,77.0
1694,67,95.0
1695,55,77.0
1695,67,95.0
1696,55,77.0
1696,67,95.0
1697,55,77.0
1697,67,95.0
1698,55,77.0
1698,67,95.0
1699,55,77.0
1699,67,95.0
1700,55,77.0
1700,67,95.0
1701,55,77.0
1701,67,95.0
1702,55,77.0
1702,67,95.0
1703,55,77.0
1703,67,95.0
1704,58,77.0
1704,67,95.0
1705,58,77.0
1705,67,95.0
1706,58,77.0
1706,67,95.0
1707,58,77.0
1707,67,95.0
1708,58,77.0
1708,67,95.0
1709,58,77.0
1709,67,95.0
1710,58,77.0
1710,67,95.0
1711,58,77.0
1711,67,95.0
1712,58,77.0
1712,67,95.0
1713,58,77.0
1713,67,95.0
1714,58,77.0
1714,67,95.0
1715,58,77.0
1715,67,95.0
1716,57,77.0
1716,67,95.0
1717,57,77.0
1717,67,95.0
1718,57,77.0
1718,67,95.0
1719,57,77.0
1719,67,95.0
1720,57,77.0
1720,67,95.0
1721,57,77.0
1721,67,95.0
1722,58,77.0
1722,67,95.0
1723,58,77.0
1723,67,95.0
1724,58,77.0
1724,67,95.0
1725,58,77.0
1725,67,95.0
1726,58,77.0
1726,67,95.0
1727,58,77.0
1727,67,95.0
1728,55,77.0
1728,67,95.0
1729,55,77.0
1729,67,95.0
1730,55,77.0
1730,67,95.0
1731,55,77.0
1731,67,95.0
1732,55,77.0
1732,67,95.0
1733,55,77.0
1733,67,95.0
1734,55,77.0
1734,67,95.0
1735,55,77.0
1735,67,95.0
1736,55,77.0
1736,67,95.0
1737,55,77.0
1737,67,95.0
1738,55,77.0
1738,67,95.0
1739,55,77.0
1739,67,95.0
1740,62,86.0
1741,62,86.0
1742,62,86.0
1743,62,86.0
1744,62,86.0
1745,62,86.0
1746,62,86.0
1747,62,86.0
1748,62,86.0
1749,62,86.0
1750,62,86.0
1751,62,86.0
1752,62,86.0
1753,62,86.0
1754,62,86.0
1755,62,86.0
1756,62,86.0
1757,62,86.0
1758,62,86.0
1759,62,86.0
1760,62,86.0
1761,62,86.0
1762,62,86.0
1763,62,86.0
1764,62,86.0
1765,62,86.0
1766,62,86.0
1767,62,86.0
1768,62,86.0
1769,62,86.0
1770,62,86.0
1771,62,86.0
1772,62,86.0
1773,62,86.0
1774,62,86.0
1775,62,86.0
1776,64,86.0
1777,64,86.0
1778,64,86.0
1779,64,86.0
1780,64,86.0
1781,64,86.0
1782,64,86.0
1783,64,86.0
1784,64,86.0
1785,64,86.0
1786,64,86.0
1787,64,86.0
1788,66,86.0
1789,66,86.0
1790,66,86.0
1791,66,86.0
1792,66,86.0
1793,66,86.0
1794,66,86.0
1795,66,86.0
1796,66,86.0
1797,66,86.0
1798,66,86.0
1799,66,86.0
1800,67,86.0
1801,67,86.0
1802,67,86.0
1803,67,86.0
1804,67,86.0
1805,67,86.0
1806,67,86.0
1807,67,86.0
1808,67,86.0
1809,67,86.0
1810,67,86.0
1811,67,86.0
1812,62,62.0
1813,62,62.0
1814,62,62.0
1815,62,62.0
1816,62,62.0
1817,62,62.0
1818,62,62.0
1819,62,62.0
1820,62,62.0
1821,62,62.0
1822,62,62.0
1823,62,62.0
1824,62,62.0
1825,62,62.0
1826,62,62.0
1827,62,62.0
1828,62,62.0
1829,62,62.0
1830,62,62.0
1831,62,62.0
1832,62,62.0
1833,62,62.0
1834,62,62.0
1835,62,62.0
1836,62,62.0
1837,62,62.0
1838,62,62.0
1839,62,62.0
1840,62,62.0
1841,62,62.0
1842,62,62.0
1843,62,62.0
1844,62,62.0
1845,62,62.0
1846,62,62.0
1847,62,62.0
1848,64,62.0
1849,64,62.0
1850,64,62.0
1851,64,62.0
1852,64,62.0
1853,64,62.0
1854,64,62.0
1855,64,62.0
1856,64,62.0
1857,64,62.0
1858,64,62.0
1859,64,62.0
1860,66,62.0
1861,66,62.0
1862,66,62.0
1863,66,62.0
1864,66,62.0
1865,66,62.0
1866,66,62.0
1867,66,62.0
1868,66,62.0
1869,66,62.0
1870,66,62.0
1871,66,62.0
1872,67,62.0
1873,67,62.0
1874,67,62.0
1875,67,62.0
1876,67,62.0
1877,67,62.0
1878,67,62.0
1879,67,62.0
1880,67,62.0
1881,67,62.0
1882,67,62.0
1883,67,62.0
1884,62,77.0
1885,62,77.0
1886,62,77.0
1887,62,77.0
1888,62,77.0
1889,62,77.0
1890,62,77.0
1891,62,77.0
1892,62,77.0
1893,62,77.0
1894,62,77.0
1895,62,77.0
1896,62,77.0
1897,62,77.0
1898,62,77.0
1899,62,77.0
1900,62,77.0
1901,62,77.0
1902,62,77.0
1903,62,77.0
1904,62,77.0
1905,62,77.0
1906,62,77.0
1907,62,77.0
1908,62,77.0
1909,62,77.0
1910,62,77.0
1911,62,77.0
1912,62,77.0
1913,62,77.0
1914,62,77.0
1915,62,77.0
1916,62,77.0
1917,62,77.0
1918,62,77.0
1919,62,77.0
1920,60,77.0
1921,60,77.0
1922,60,77.0
1923,60,77.0
1924,60,77.0
1925,60,77.0
1926,60,77.0
1927,60,77.0
1928,60,77.0
1929,60,77.0
1930,60,77.0
1931,60,77.0
1932,60,77.0
1933,60,77.0
1934,60,77.0
1935,60,77.0
1936,60,77.0
1937,60,77.0
1938,60,77.0
1939,60,77.0
1940,60,77.0
1941,60,77.0
1942,60,77.0
1943,60,77.0
1944,60,77.0
1945,60,77.0
1946,60,77.0
1947,60,77.0
1948,60,77.0
1949,60,77.0
1950,60,77.0
1951,60,77.0
1952,60,77.0
1953,60,77.0
1954,60,77.0
1955,60,77.0
1956,65,77.0
1957,65,77.0
1958,65,77.0
1959,65,77.0
1960,65,77.0
1961,65,77.0
1962,65,77.0
1963,65,77.0
1964,65,77.0
1965,65,77.0
1966,65,77.0
1967,65,77.0
1968,65,77.0
1969,65,77.0
1970,65,77.0
1971,65,77.0
1972,65,77.0
1973,65,77.0
1974,65,77.0
1975,65,77.0
1976,65,77.0
1977,65,77.0
1978,65,77.0
1979,65,77.0
1980,65,77.0
1981,65,77.0
1982,65,77.0
1983,65,77.0
1984,65,77.0
1985,65,77.0
1986,65,77.0
1987,65,77.0
1988,65,77.0
1989,65,77.0
1990,65,77.0
1991,65,77.0
1992,63,77.0
1993,63,77.0
1994,63,77.0
1995,63,77.0
1996,63,77.0
1997,63,77.0
1998,63,77.0
1999,63,77.0
2000,63,77.0
2001,63,77.0
2002,63,77.0
2003,63,77.0
2004,63,77.0
2005,63,77.0
2006,63,77.0
2007,63,77.0
2008,63,77.0
2009,63,77.0
2010,63,77.0
2011,63,77.0
2012,63,77.0
2013,63,77.0
2014,63,77.0
2015,63,77.0
2016,63,77.0
2017,63,77.0
2018,63,77.0
2019,63,77.0
2020,63,77.0
2021,63,77.0
2022,63,77.0
2023,63,77.0
2024,63,77.0
2025,63,77.0
2026,63,77.0
2027,63,77.0
2028,62,77.0
2029,62,77.0
2030,62,77.0
2031,62,77.0
2032,62,77.0
2033,62,77.0
2034,62,77.0
2035,62,77.0
2036,62,77.0
2037,62,77.0
2038,62,77.0
2039,62,77.0
2040,62,77.0
2041,62,77.0
2042,62,77.0
2043,62,77.0
2044,62,77.0
2045,62,77.0
2046,62,77.0
2047,62,77.0
2048,62,77.0
2049,62,77.0
2050,62,77.0
2051,62,77.0
2052,62,77.0
2053,62,77.0
2054,62,77.0
2055,62,77.0
2056,62,77.0
2057,62,77.0
2058,62,77.0
2059,62,77.0
2060,62,77.0
2061,62,77.0
2062,62,77.0
2063,62,77.0
2064,62,77.0
2065,62,77.0
2066,62,77.0
2067,62,77.0
2068,62,77.0
2069,62,77.0
2070,62,77.0
2071,62,77.0
2072,62,77.0
2073,62,77.0
2074,62,77.0
2075,62,77.0
2076,62,77.0
2077,62,77.0
2078,62,77.0
2079,62,77.0
2080,62,77.0
2081,62,77.0
2082,62,77.0
2083,62,77.0
2084,62,77.0
2085,62,77.0
2086,62,77.0
2087,62,77.0
2088,62,77.0
2089,62,77.0
2090,62,77.0
2091,62,77.0
2092,62,77.0
2093,62,77.0
2094,62,77.0
2095,62,77.0
2096,62,77.0
2097,62,77.0
2098,62,77.0
2099,62,77.0
2100,62,77.0
2101,62,77.0
2102,62,77.0
2103,62,77.0
2104,62,77.0
2105,62,77.0
2106,62,77.0
2107,62,77.0
2108,62,77.0
2109,62,77.0
2110,62,77.0
2111,62,77.0
2112,62,77.0
2113,62,77.0
2114,62,77.0
2115,62,77.0
2116,62,77.0
2117,62,77.0
2118,62,77.0
2119,62,77.0
2120,62,77.0
2121,62,77.0
2122,62,77.0
2123,62,77.0
2124,62,77.0
2125,62,77.0
2126,62,77.0
2127,62,77.0
2128,62,77.0
2129,62,77.0
2130,62,77.0
2131,62,77.0
2132,62,77.0
2133,62,77.0
2134,62,77.0
2135,62,77.0
2136,70,77.0
2137,70,77.0
2138,70,77.0
2139,70,77.0
2140,70,77.0
2141,70,77.0
2142,70,77.0
2143,70,77.0
2144,70,77.0
2145,70,77.0
2146,70,77.0
2147,70,77.0
2148,69,77.0
2149,69,77.0
2150,69,77.0
2151,69,77.0
2152,69,77.0
2153,69,77.0
2154,70,77.0
2155,70,77.0
2156,70,77.0
2157,70,77.0
2158,70,77.0
2159,70,77.0
2160,67,77.0
2161,67,77.0
2162,67,77.0
2163,67,77.0
2164,67,77.0
2165,67,77.0
